DISTRICT,JAN,FEB,MAR,APR,MAY,JUN,JUL,AUG,SEP,OCT,NOV,DEC,ANNUAL_M,ANNUAL
ADILABAD,0.0041188,0.0038443,0.0062606,0.0065352,0.0099951,0.0979735,0.1743094,0.1601955,0.0941293,0.0455819,0.0081278,0.004009,0.6150804,615.0804
AGRA,0.0096106,0.0054369,0.0048877,0.0021967,0.0051074,0.0295458,0.1247185,0.1542644,0.068867,0.0154319,0.0027459,0.0025811,0.4253939,425.3939
AHMEDABAD,0.0004393,0.0001648,0.0002746,0.0003844,0.0032402,0.0499753,0.1182932,0.1047833,0.0578835,0.0104893,0.0045033,0.0009885,0.3514197,351.4197
AHMEDNAGAR,0.0003295,0.0007139,0.0016475,0.0029106,0.0118623,0.0576089,0.0559064,0.0504146,0.0763908,0.0405294,0.0123565,0.0041188,0.3147892,314.7892
AIZAWL,0.0075787,0.0171344,0.0592564,0.1020375,0.1929815,0.256851,0.2464166,0.2639903,0.2146741,0.139766,0.0358614,0.0090615,1.5456094,1545.6094
AJMER,0.002032,0.0010984,0.0011533,0.0012082,0.0048877,0.0239442,0.0939096,0.0851227,0.0329507,0.005327,0.0013729,0.0008238,0.2538305,253.8305
AKOLA,0.0047229,0.0029106,0.0048328,0.0024164,0.005327,0.0784777,0.1242792,0.1121973,0.0707343,0.0289967,0.0091713,0.0037344,0.4478006,447.8006
ALAPPUZHA,0.0096106,0.0153221,0.024768,0.07359,0.1640398,0.3256631,0.2927124,0.1884233,0.1520127,0.1828217,0.103026,0.0283376,1.5603273,1560.3273
ALIGARH,0.010709,0.0069197,0.0051623,0.0030754,0.0101049,0.0260311,0.11703,0.14383,0.0732056,0.021418,0.0023066,0.0036246,0.4234172,423.4172
ALIRAJPUR(JBA),0.0021418,0.0012082,0.0009336,0.0009336,0.0045582,0.0625515,0.1487177,0.141139,0.0863859,0.0169147,0.006041,0.0027459,0.4742711,474.2711
ALLAHABAD,0.0096106,0.0054918,0.0041738,0.001977,0.0036246,0.0450876,0.145807,0.1531111,0.1001153,0.0190016,0.0051623,0.0025262,0.4956889,495.6889
ALMORA,0.0253721,0.0257016,0.0260311,0.0140041,0.0256467,0.0726564,0.1646988,0.1520677,0.0819924,0.031413,0.0044483,0.0115328,0.635565,635.565
ALWAR,0.0052721,0.0056016,0.0030754,0.0030205,0.008677,0.0242737,0.1081333,0.1171399,0.0554122,0.0109836,0.0022516,0.0026361,0.346477,346.477
AMBALA,0.0213631,0.0173541,0.0138942,0.0042287,0.0112582,0.0577736,0.1690373,0.1790323,0.0975342,0.0188918,0.0048328,0.0114778,0.6066781,606.6781
AMBEDKAR NAGAR,0.0081278,0.006041,0.004668,0.0034049,0.0098303,0.0561261,0.1745291,0.1550881,0.1111538,0.022077,0.001977,0.0034598,0.5564829,556.4829
AMRAVATI,0.0055467,0.0034598,0.0042836,0.002032,0.0035147,0.0753474,0.1396013,0.1338898,0.0831457,0.0291065,0.0083475,0.0045582,0.4928332,492.8332
AMRELI,0.0003295,0.0001098,0.0007689,0.0001098,0.0017574,0.057554,0.1047833,0.0693064,0.0529409,0.0139491,0.0091164,0.0008238,0.3115493,311.5493
AMRITSAR,0.016695,0.0159262,0.0194409,0.0114778,0.009391,0.0236696,0.1160964,0.1065956,0.0488769,0.0157614,0.0041738,0.0082377,0.3963423,396.3423
ANAND(KHR),0.000659,0.0001648,0.0008787,0.0002197,0.002032,0.0656269,0.1522873,0.1434455,0.0718875,0.0105442,0.0092811,0.001318,0.4583447,458.3447
ANANTAPUR,0.0016475,0.0018123,0.00335,0.0103795,0.0311384,0.0303147,0.0353122,0.0409138,0.0707343,0.0631556,0.019386,0.0063705,0.3145148,314.5148
ANANTNAG,0.0456917,0.0553023,0.0838596,0.0622769,0.055522,0.0358065,0.0479982,0.0450876,0.0276786,0.0216926,0.0211434,0.0304245,0.5324839,532.4839
ANGUL,0.0037893,0.0104893,0.0137844,0.0163106,0.0304245,0.113021,0.1758471,0.1951782,0.1252128,0.0538745,0.0080729,0.001977,0.7479816,747.9816
ANJAW (LOHIT),0.0231754,0.0443737,0.0968752,0.1968807,0.1682684,0.245483,0.362513,0.2349388,0.1722225,0.0917678,0.018727,0.0163655,1.671591,1671.591
ANUPPUR(SHAHD,0.0162008,0.0136196,0.0112582,0.0080729,0.0109287,0.0975342,0.2121478,0.2126421,0.1228513,0.0258114,0.0044483,0.0083475,0.7438628,743.8628
ARARIA,0.0075787,0.0043934,0.0084574,0.0202098,0.062881,0.1492119,0.244165,0.1935307,0.1528365,0.046131,0.0040639,0.0029106,0.8963699,896.3699
ARIYALUR,0.0116426,0.0062057,0.0071942,0.012027,0.0366852,0.0282827,0.0399253,0.0709539,0.0761162,0.1062112,0.1126915,0.0806744,0.5886099,588.6099
ARWAL,0.0087319,0.0037344,0.0028557,0.0017574,0.0061508,0.0619474,0.1347685,0.1370751,0.0998957,0.0182877,0.0028557,0.0021418,0.4802021,480.2021
ASHOKNAGAR(GNA,0.0039541,0.0035697,0.0016475,0.0003844,0.0009885,0.0391015,0.1733209,0.1724422,0.0902301,0.0137844,0.0030205,0.0064803,0.5089241,508.9241
AURAIYA,0.0074139,0.0090615,0.0042287,0.0017574,0.0059311,0.0328409,0.1246087,0.1473447,0.079631,0.0278434,0.002032,0.0031852,0.4458785,445.8785
AURANGABAD,0.0099401,0.0061508,0.0042836,0.0031303,0.0079082,0.0670548,0.1592619,0.1394365,0.1063211,0.0243286,0.0042836,0.0032951,0.5353946,535.3946
AURANGABAD,0.0013729,0.0008787,0.0017025,0.0015377,0.009391,0.0716129,0.0858367,0.0867154,0.0821572,0.0325114,0.0137295,0.0058762,0.3933221,393.3221
AZAMGARH,0.0069197,0.0056016,0.0048328,0.00335,0.0085123,0.0523917,0.1835905,0.1600308,0.1271899,0.0227909,0.0037893,0.0021967,0.5811962,581.1962
BADAUN,0.007359,0.0088418,0.0064254,0.002032,0.0079631,0.038113,0.1386128,0.1607447,0.0788072,0.0322917,0.0014828,0.0032402,0.4859137,485.9137
BADGAM,0.0310835,0.0361909,0.0586523,0.0483827,0.0435499,0.019386,0.0304794,0.0302598,0.0222417,0.0180131,0.0152123,0.0154319,0.3688835,368.8835
BAGALKOTE,0.0009885,0.0008238,0.0024713,0.0129057,0.031468,0.0439892,0.0404196,0.0398155,0.0752924,0.0619474,0.0138942,0.0038443,0.3278599,327.8599
BAGESHWAR,0.0253721,0.0257016,0.0260311,0.0140041,0.0256467,0.0726564,0.1646988,0.1520677,0.0819924,0.031413,0.0044483,0.0115328,0.635565,635.565
BAGPAT,0.0095008,0.0089516,0.0069746,0.0040639,0.0074688,0.0235049,0.1065407,0.1209841,0.0484376,0.0118623,0.002691,0.0038443,0.3548246,354.8246
BAHRAICH,0.0114229,0.0087869,0.0068647,0.0049426,0.018068,0.0847932,0.1849635,0.163216,0.1128014,0.028118,0.0013729,0.0054369,0.630787,630.787
BAKSA BARPETA,0.0056565,0.0147729,0.0296557,0.0964907,0.2150036,0.381295,0.4158932,0.2895821,0.2537756,0.0780383,0.0112033,0.0069746,1.7983415,1798.3415
BALAGHAT,0.0114778,0.0084024,0.0082926,0.0038992,0.0036795,0.1013235,0.2610248,0.248174,0.122412,0.0309737,0.0045033,0.0095008,0.8136636,813.6636
BALASORE,0.0065352,0.0197704,0.0210885,0.0325114,0.0663957,0.1422923,0.1577242,0.1836455,0.1627766,0.1043989,0.0213081,0.0036246,0.9220714,922.0714
BALLIA,0.0058762,0.004668,0.0036795,0.0029106,0.0110934,0.0609039,0.1606898,0.1428415,0.0898457,0.0228458,0.0029656,0.0014279,0.5097479,509.7479
BALRAMPUR,0.0103246,0.0092811,0.0045033,0.0051074,0.0211983,0.0776539,0.2116536,0.1811741,0.1180735,0.0398704,0.000659,0.0058213,0.6853205,685.3205
BANASKANTHA,0.0007689,0.0007139,0.001318,0.0004943,0.002032,0.0348179,0.1208194,0.099676,0.054149,0.0091713,0.0040639,0.0006041,0.3286287,328.6287
BANDA,0.0096656,0.0063705,0.0034598,0.0024713,0.0066451,0.0505794,0.1433357,0.1737602,0.0938547,0.0199901,0.0030205,0.0048328,0.5179857,517.9857
BANDIPORE,0.0377286,0.0512384,0.0656818,0.0490966,0.0348729,0.0169147,0.0253172,0.0317425,0.0186172,0.0208688,0.0146082,0.0179582,0.3846451,384.6451
BANGALORE RUR,0.0009336,0.0031852,0.0041738,0.0198803,0.0511286,0.0391015,0.0503597,0.064858,0.0938547,0.0943489,0.0304245,0.0074139,0.4596627,459.6627
BANGALORE URB,0.0012631,0.0036795,0.0045033,0.0215278,0.0583777,0.0405843,0.0503048,0.0707892,0.0995661,0.0877039,0.0296007,0.0098852,0.4777856,477.7856
BANKA,0.0055467,0.0051074,0.0064254,0.0086221,0.0252073,0.0758965,0.1488824,0.1327366,0.1180186,0.0464605,0.0031303,0.0030754,0.5791092,579.1092
BANKURA,0.0065901,0.0098852,0.0120819,0.0199352,0.0367401,0.1180735,0.1665111,0.1596463,0.1330661,0.0577736,0.005382,0.0052172,0.7309023,730.9023
BANSWARA,0.0015377,0.0002746,0.0008787,0.0004943,0.0028557,0.0536548,0.1561316,0.1661266,0.0808941,0.0134,0.0069197,0.0017574,0.4849252,484.9252
BARABANKI,0.0092811,0.0079082,0.0044483,0.0031852,0.0097754,0.061563,0.1700807,0.1561865,0.1231808,0.0276237,0.0015926,0.0047779,0.5796034,579.6034
BARAMULLA,0.0637597,0.0862211,0.1041243,0.0801252,0.0611785,0.0332253,0.0391015,0.0384425,0.0252622,0.0261409,0.0197155,0.0443737,0.6216704,621.6704
BARAN,0.0038992,0.0017574,0.0015377,0.0009336,0.0035697,0.0402548,0.1621726,0.1667307,0.0659015,0.0138393,0.005327,0.0023615,0.468285,468.285
BAREILLY,0.0111483,0.0103795,0.0069197,0.0030754,0.0102696,0.0530507,0.161843,0.1629414,0.0910539,0.0317975,0.001318,0.0035147,0.5473117,547.3117
BARGARH,0.0047779,0.0081828,0.0099401,0.0081278,0.010709,0.1034653,0.1988577,0.1962766,0.1196661,0.028118,0.0037344,0.0028008,0.6946565,694.6565
BARMER,0.000659,0.0009336,0.0012631,0.0017574,0.0049975,0.0150475,0.0486573,0.0476138,0.0223516,0.0022516,0.0017574,0.0002197,0.1475095,147.5095
BARNALA,0.0080729,0.0092811,0.0054918,0.0063156,0.0052721,0.0166401,0.0710638,0.0645285,0.0430556,0.01005,0.0021418,0.0048877,0.246801,246.801
BARODA,0.000659,0,0.0002746,0.0004393,0.0025262,0.076226,0.182602,0.1682135,0.0907244,0.0142237,0.0076885,0.001318,0.5448952,544.8952
BARPETA,0.0056565,0.0147729,0.0296557,0.0964907,0.2150036,0.381295,0.4158932,0.2895821,0.2537756,0.0780383,0.0112033,0.0069746,1.7983415,1798.3415
BARWANI,0.0015926,0.0004393,0.0010434,0.0004943,0.0039541,0.0579933,0.1087374,0.1068702,0.0753474,0.0194959,0.0059311,0.0031852,0.3850842,385.0842
BASTAR,0.0045033,0.0047229,0.0088967,0.0201549,0.0211983,0.1119227,0.1927069,0.205338,0.1238948,0.0447032,0.0068098,0.0034598,0.7483113,748.3113
BASTI,0.0084574,0.0057115,0.0059861,0.0030205,0.011368,0.0710638,0.1782086,0.1588775,0.1100555,0.0255368,0.0012082,0.0041188,0.5836127,583.6127
BATHINDA,0.0063156,0.0095557,0.0071393,0.0043934,0.005327,0.0183975,0.06019,0.0633753,0.0343237,0.0105442,0.0014828,0.0029656,0.2240101,224.0101
BEED,0.0013729,0.0010984,0.0020869,0.0038443,0.0108188,0.0704597,0.0747982,0.0752375,0.0922072,0.0391565,0.0124114,0.0055467,0.3890385,389.0385
BEGUSARAI,0.0044483,0.0046131,0.0072492,0.0095008,0.0268549,0.0847383,0.1629963,0.1402054,0.1181833,0.0345983,0.0026361,0.0029656,0.5989896,598.9896
BELGAM,0.0003844,0.0004943,0.0034049,0.0165852,0.0410786,0.0716129,0.1120325,0.069581,0.0620572,0.0640343,0.0168049,0.0028008,0.460871,460.871
BELLARY,0.0007689,0.0007689,0.0015926,0.0143885,0.0317975,0.0397606,0.0422868,0.0490417,0.0754023,0.0638695,0.0170795,0.0052721,0.3420289,342.0289
BETUL,0.0041188,0.004668,0.0051074,0.0032402,0.0035147,0.0752375,0.1595914,0.1611291,0.1084628,0.0271294,0.007359,0.0054369,0.5649952,564.9952
BHABUA,0.0144983,0.0090065,0.0054918,0.0030205,0.0102147,0.0719424,0.1711791,0.1644242,0.1389423,0.0232852,0.0030205,0.0035147,0.6185402,618.5402
BHADRAK,0.0054369,0.018727,0.0206491,0.0291614,0.0570597,0.1199407,0.1481685,0.1944094,0.1250481,0.087594,0.019386,0.0022516,0.8278324,827.8324
BHAGALPUR,0.0097205,0.0057664,0.0056016,0.012741,0.0359712,0.1086276,0.1598111,0.1433357,0.1249382,0.0486023,0.0047229,0.0035147,0.6633532,663.3532
BHANDARA,0.0087319,0.0072492,0.0097205,0.0056016,0.0062606,0.0922621,0.206711,0.2148388,0.1107145,0.0339393,0.007359,0.0065352,0.7099237,709.9237
BHARATPUR,0.0051074,0.0048877,0.0029106,0.0020869,0.0061508,0.0221868,0.1014334,0.1262013,0.0564007,0.0097205,0.0018672,0.0021418,0.3410951,341.0951
BHARUCH,0.0001648,0.0000549,0.0004393,0.0000549,0.002691,0.0743588,0.1555275,0.1214784,0.0803998,0.0125762,0.0045582,0.0007139,0.4530177,453.0177
BHAVNAGAR,0.0002746,0.0001648,0.000659,0.0000549,0.0015926,0.0634302,0.0981932,0.0768851,0.0567851,0.0121918,0.0068098,0.0005492,0.3175903,317.5903
BHILWARA,0.0026361,0.0020869,0.0021418,0.0016475,0.0057115,0.0329507,0.1173046,0.1195563,0.0492064,0.0064254,0.0043934,0.002032,0.3460926,346.0926
BHIND,0.0057115,0.0038992,0.0023066,0.0007139,0.0025262,0.0305344,0.1216431,0.1435554,0.0807293,0.0216926,0.0021418,0.0037893,0.4192433,419.2433
BHIWANI,0.008018,0.0057115,0.0044483,0.0030205,0.0061508,0.0177385,0.0704047,0.0724916,0.030754,0.007359,0.0023066,0.001977,0.2303805,230.3805
BHOJPUR,0.0068647,0.007359,0.0037893,0.0056565,0.0136746,0.0596958,0.1837553,0.1524521,0.1117579,0.024768,0.0047229,0.0029656,0.5774617,577.4617
BHOPAL,0.0064803,0.0038443,0.0035697,0.0013729,0.005327,0.0613982,0.1858971,0.1954528,0.105662,0.0185622,0.0045582,0.0052172,0.5973419,597.3419
BIDAR,0.0032402,0.00335,0.0055467,0.0119172,0.0172442,0.0752924,0.1047284,0.1079686,0.093635,0.0513482,0.0114778,0.0034049,0.4891536,489.1536
BIJAPUR,0.0034049,0.0023066,0.0065352,0.0103795,0.0068098,0.1075842,0.2516338,0.2669559,0.1257071,0.0509638,0.0051623,0.0018123,0.8392554,839.2554
BIJAPUR,0.001318,0.0014828,0.0028557,0.0110385,0.0255368,0.0518974,0.0504146,0.05014,0.08699,0.0613433,0.0136746,0.0037893,0.360481,360.481
BIJNOR,0.0187819,0.0137295,0.0132352,0.0045033,0.0104893,0.0505245,0.1880389,0.1762865,0.0872096,0.0219672,0.0035147,0.0065352,0.5948158,594.8158
BIKANER,0.0022516,0.0042836,0.0031303,0.0022516,0.0078533,0.016036,0.0470646,0.0409688,0.0215278,0.0024164,0.0013729,0.001318,0.1504749,150.4749
BILASPUR,0.0343237,0.0366852,0.0296557,0.0143336,0.0225713,0.0589818,0.171234,0.1670602,0.0843539,0.0148278,0.0076885,0.0157614,0.6574771,657.4771
BILASPUR,0.0095557,0.0094459,0.0098303,0.0082377,0.0099401,0.0939645,0.1965512,0.1846889,0.1112087,0.030095,0.0051623,0.0062606,0.6749409,674.9409
BIRBHUM,0.007359,0.0088418,0.0116426,0.0169696,0.0432204,0.1220825,0.1723873,0.1640947,0.1488275,0.0577187,0.008677,0.0030754,0.7648965,764.8965
BISHNUPUR,0.0299303,0.0274589,0.0617277,0.0593662,0.0874842,0.2392224,0.1704652,0.2025921,0.1204899,0.1301554,0.0312483,0.0082377,1.1683783,1168.3783
BOKARO,0.0064803,0.0075238,0.01005,0.0104344,0.0209786,0.1035752,0.169202,0.165193,0.1376792,0.042781,0.0076885,0.0035147,0.6851007,685.1007
BOLANGIR,0.0060959,0.0087319,0.0110385,0.0124664,0.0205942,0.1101104,0.2120929,0.2014938,0.121094,0.0381679,0.0074688,0.0034598,0.7528145,752.8145
BONGAIGAON,0.0054918,0.0171344,0.0315778,0.1007194,0.2427371,0.3439508,0.4264924,0.2673403,0.2231863,0.0923719,0.0102696,0.0063705,1.7676423,1767.6423
BOUDHGARH,0.0069746,0.0143885,0.0163655,0.0198803,0.037454,0.109671,0.1752979,0.2049536,0.126421,0.0629359,0.0187819,0.0022516,0.7953758,795.3758
BULANDSHAHAR,0.0088967,0.0072492,0.0071942,0.0021418,0.0076885,0.0293262,0.1232907,0.1397111,0.0760064,0.0198803,0.0023066,0.0041188,0.4278105,427.8105
BULDHANA,0.0025262,0.0016475,0.00335,0.0015926,0.0043934,0.0767203,0.1051678,0.1072547,0.0659564,0.0289417,0.0087869,0.0038443,0.4101818,410.1818
BUNDI,0.0030754,0.0018123,0.0018123,0.0012631,0.0036246,0.0341589,0.1409193,0.1294964,0.0556318,0.0091713,0.0045582,0.001977,0.3875006,387.5006
BURDWAN,0.0058762,0.0121918,0.0108737,0.020759,0.0432753,0.1088473,0.1615135,0.1566808,0.1378988,0.0548081,0.0062606,0.0032951,0.7222802,722.2802
BURHANPUR,0.0023066,0.0015926,0.0036795,0.0011533,0.0088967,0.0872645,0.1229612,0.1382833,0.0821572,0.0250975,0.0088967,0.0059861,0.4882752,488.2752
BUXAR,0.0077434,0.0036795,0.0037344,0.002032,0.0096656,0.0609039,0.1576693,0.1444341,0.1099456,0.0294909,0.0037344,0.0026361,0.5356692,535.6692
CACHAR,0.0073041,0.0275688,0.0924268,0.1441595,0.2122028,0.2922181,0.288978,0.2585535,0.1981438,0.1001702,0.0191114,0.0062606,1.6470976,1647.0976
CANNUR,0.0013729,0.0010984,0.0041738,0.0317975,0.1290571,0.4681202,0.5793838,0.2970509,0.1212038,0.1259817,0.0503048,0.0132352,1.8227801,1822.7801
CENTRAL DELHI,0.0090065,0.0089516,0.0084024,0.0048877,0.0105992,0.0328409,0.1212038,0.1348234,0.0605195,0.0112582,0.0030754,0.0047229,0.4102915,410.2915
CHAMARAJANAGA,0.0018672,0.0032951,0.0072492,0.0380032,0.0720523,0.0339393,0.0377286,0.0362458,0.0681531,0.0866604,0.0344335,0.013345,0.4329727,432.9727
CHAMBA,0.0693064,0.0619474,0.0660662,0.028118,0.0293262,0.0727113,0.3115492,0.2631666,0.1249382,0.026745,0.012027,0.0308639,1.0967654,1096.7654
CHAMOLI,0.0315778,0.0426712,0.0449778,0.0235598,0.038113,0.0596958,0.1590422,0.1807897,0.0723818,0.0238893,0.0056016,0.0135098,0.6958098,695.8098
CHAMPAWAT,0.0238893,0.0215827,0.0185073,0.0147729,0.0288319,0.11703,0.2558625,0.2231314,0.1287276,0.0425065,0.0045033,0.0124664,0.8918118,891.8118
CHAMPHAI,0.007359,0.0119721,0.0455819,0.0673843,0.1436103,0.1924872,0.2028118,0.1848536,0.1626119,0.1244989,0.035422,0.0123565,1.1909495,1190.9495
CHANDAULI,0.0101598,0.0066451,0.0063705,0.0029106,0.0056565,0.0433851,0.1660168,0.155857,0.0994014,0.0174639,0.0056016,0.002032,0.5215003,521.5003
CHANDEL,0.004668,0.0153221,0.0199352,0.042781,0.098303,0.3349443,0.2967214,0.269592,0.2009995,0.1399857,0.0265253,0.0041738,1.4539513,1453.9513
CHANDIGARH,0.0243286,0.0213631,0.0182327,0.0081278,0.0165303,0.0659015,0.1550881,0.157889,0.0847383,0.0174639,0.0054369,0.0128508,0.587951,587.951
CHANDRAPUR,0.0062606,0.0048877,0.008018,0.0059311,0.0063705,0.0991817,0.2053929,0.2054479,0.1115383,0.0357516,0.0054369,0.0043385,0.6985557,698.5557
CHANGLANG,0.0386073,0.0938547,0.2020429,0.3044648,0.1835356,0.288978,0.2530617,0.1600857,0.1941897,0.1510242,0.0356417,0.0407491,1.9462354,1946.2354
CHATRA,0.0106541,0.0101598,0.0061508,0.0031852,0.0097754,0.0866055,0.1847987,0.1664012,0.1285628,0.0305893,0.0028557,0.0038443,0.6435828,643.5828
CHENNAI,0.0121369,0.008018,0.0016475,0.0065901,0.0238893,0.0352024,0.0596408,0.0812236,0.0650777,0.1463562,0.201988,0.0854522,0.7272227,727.2227
CHHATARPUR,0.0096656,0.0069197,0.0032951,0.0017025,0.0029106,0.052172,0.1742545,0.2029766,0.1115383,0.0187819,0.0050524,0.0046131,0.5938823,593.8823
CHHIMTUIPUI,0.0075787,0.0171344,0.0592564,0.1020375,0.1929815,0.256851,0.2464166,0.2639903,0.2146741,0.139766,0.0358614,0.0090615,1.5456094,1545.6094
CHHINDWARA,0.0096106,0.0080729,0.0095008,0.0043934,0.0048328,0.0806195,0.1557472,0.1526718,0.0957768,0.0238893,0.0088967,0.0070295,0.5610413,561.0413
CHICKBALLAPUR,0.0011533,0.0025262,0.0045033,0.0149377,0.038113,0.0353122,0.0489868,0.0576089,0.0842441,0.0861113,0.0290516,0.0085123,0.4110607,411.0607
CHIKMAGALUR,0.0008787,0.0010984,0.0065901,0.0330606,0.0581581,0.2169257,0.3636114,0.2334011,0.0962162,0.0919326,0.0322917,0.0067549,1.1409195,1140.9195
CHIRANG(BONGAI,0.0054918,0.0171344,0.0315778,0.1007194,0.2427371,0.3439508,0.4264924,0.2673403,0.2231863,0.0923719,0.0102696,0.0063705,1.7676423,1767.6423
CHITRADURGA,0.0007689,0.000659,0.0024164,0.0141688,0.0356417,0.0277335,0.0308089,0.0323466,0.0579384,0.0639244,0.0185622,0.0048328,0.2898016,289.8016
CHITTOOR,0.0042287,0.0041738,0.0055467,0.014059,0.0369048,0.0366852,0.0549728,0.0605195,0.0768851,0.0918227,0.0754023,0.0320721,0.4932727,493.2727
CHITTORGARH,0.0023615,0.0008238,0.0014828,0.0018123,0.0055467,0.0392663,0.1372398,0.1482234,0.0650228,0.0099401,0.0072492,0.001318,0.4202867,420.2867
CHURACHANDPUR,0.0071393,0.0170795,0.0399253,0.1028612,0.1307046,0.2318084,0.2238454,0.2101159,0.191279,0.0951178,0.0275139,0.0062606,1.2836509,1283.6509
CHURU,0.0034049,0.0040639,0.0034598,0.002691,0.0090065,0.020704,0.0695261,0.0558515,0.0261958,0.0054369,0.001318,0.001318,0.2029764,202.9764
COIMBATORE,0.0044483,0.0067,0.0094459,0.0293262,0.0437696,0.018068,0.0259212,0.0222967,0.0379483,0.0834203,0.0711736,0.0260311,0.3785492,378.5492
COOCH BEHAR,0.0048877,0.0087869,0.0176836,0.076281,0.1896864,0.3672909,0.4749849,0.4025482,0.2586084,0.077599,0.0082926,0.0045582,1.8912078,1891.2078
CUDDALORE,0.0153221,0.0088967,0.008018,0.009336,0.0275139,0.0259762,0.0412433,0.0709539,0.072217,0.1209292,0.1621726,0.1001153,0.6626942,662.6942
CUTTACK,0.0080729,0.0147729,0.0158713,0.0237245,0.040804,0.1247735,0.1856225,0.1934758,0.1345488,0.0683728,0.022077,0.0024713,0.8345873,834.5873
DAHOD(PNML),0.0009885,0.0001098,0.0007139,0.0005492,0.0024713,0.0609589,0.1562963,0.1603603,0.090999,0.0152672,0.006041,0.0014828,0.4962382,496.2382
DAKSHIN KANDA,0.0010434,0.0003844,0.0035147,0.0218573,0.0993465,0.5366577,0.6739524,0.4577956,0.1722225,0.1301005,0.0450327,0.0085672,2.1504749,2150.4749
DAMAN,0.0002197,0.0001648,0,0,0.0040639,0.2114888,0.4857488,0.3602065,0.2149487,0.0211983,0.0057664,0,1.3038059,1303.8059
DAMOH,0.0110934,0.0090615,0.0059861,0.0030754,0.0029106,0.0667802,0.1978692,0.2191773,0.104344,0.0179032,0.0050524,0.0051074,0.6483607,648.3607
DANGS,0.0008238,0.0005492,0.0007689,0.0018672,0.0068647,0.1420177,0.4117744,0.3232467,0.2002856,0.0362458,0.0071942,0.001318,1.1329562,1132.9562
DANTEWADA,0.0014279,0.0004393,0.0024713,0.0080729,0.012027,0.0991268,0.2240101,0.2092372,0.1146137,0.0511835,0.0059311,0.0007139,0.7292547,729.2547
DARBHANGA,0.0087869,0.0052172,0.0067549,0.0116975,0.0328958,0.0860563,0.1628316,0.1565709,0.102312,0.0366302,0.0047229,0.0025811,0.6170573,617.0573
DARJEELING,0.0265253,0.0185622,0.0316876,0.0716679,0.1440496,0.293646,0.4156736,0.3547147,0.2761272,0.0652974,0.0092262,0.0054369,1.7126146,1712.6146
DARRANG,0.0071942,0.0117524,0.0293811,0.0927014,0.1757373,0.2304904,0.1899061,0.1494316,0.1216431,0.0523917,0.0094459,0.0051074,1.0751826,1075.1826
DATIA,0.0049975,0.004668,0.0027459,0.0018672,0.0036246,0.0341589,0.135098,0.1609094,0.0958866,0.0218573,0.0022516,0.0043385,0.4724035,472.4035
DAUSA,0.0047779,0.0038443,0.0023066,0.0022516,0.0070295,0.028777,0.1301554,0.1253226,0.0518974,0.009391,0.0025811,0.0022516,0.370586,370.586
DAVANGERE,0.0006041,0.0004393,0.0023066,0.0192213,0.0406392,0.0432204,0.0565105,0.0477786,0.0638695,0.0683179,0.0246581,0.0040639,0.3716294,371.6294
DEHRADUN,0.0283926,0.0270745,0.0273491,0.0132901,0.0278983,0.1017079,0.375254,0.3700917,0.1426218,0.0343786,0.0070844,0.0112582,1.1664012,1166.4012
DEOGARH,0.0066451,0.0109287,0.0110385,0.0085672,0.0177934,0.124444,0.2297216,0.2551486,0.1381734,0.0319622,0.0049426,0.0028008,0.8421661,842.1661
DEOGHAR,0.007359,0.0066451,0.0052721,0.0074139,0.0263606,0.0946235,0.1611291,0.1465759,0.13378,0.0420122,0.0052172,0.0018123,0.6382009,638.2009
DEORIA,0.0075238,0.0097754,0.0050524,0.0047779,0.0131803,0.0732056,0.1738701,0.1646988,0.1104399,0.0291614,0.0021967,0.0030754,0.5969577,596.9577
DEWAS,0.0041188,0.0021967,0.0020869,0.0007139,0.0034049,0.07024,0.1711242,0.1816135,0.0986325,0.0188918,0.0074139,0.0059861,0.5664232,566.4232
DHALAI,0.0074688,0.0213631,0.0579384,0.1352628,0.2368609,0.2650887,0.1998462,0.1857323,0.1405349,0.1003899,0.0231204,0.0062606,1.379867,1379.867
DHAMTARI,0.0021418,0.0049426,0.0062606,0.0062057,0.0094459,0.0867154,0.1964962,0.1793619,0.114394,0.0317425,0.0023066,0.0017574,0.6417706,641.7706
DHANBAD,0.0065901,0.0095557,0.010709,0.0099951,0.0272393,0.1103301,0.1868856,0.1702455,0.1488824,0.0546433,0.0057664,0.0034049,0.7442474,744.2474
DHAR,0.0018123,0.0005492,0.0007689,0.0004393,0.0022516,0.0694162,0.1462464,0.1436103,0.0947883,0.0191114,0.0060959,0.0015377,0.4866275,486.6275
DHARMAPURI,0.0043934,0.0056016,0.0087319,0.0229008,0.0564556,0.029436,0.042781,0.0545335,0.0892965,0.0991268,0.0567302,0.025427,0.4954143,495.4143
DHARWAD,0.0012631,0.0017574,0.0037893,0.0255917,0.0453073,0.0624966,0.0818826,0.0557966,0.0656269,0.0661211,0.0217475,0.0034049,0.434785,434.785
DHEMAJI(LAKHI,0.0152123,0.0266901,0.042122,0.0908891,0.1822725,0.2901313,0.3323631,0.2567961,0.2329068,0.0770498,0.0126311,0.0112033,1.5702675,1570.2675
DHENKANAL,0.004009,0.0114229,0.0171893,0.0210885,0.0391015,0.1241694,0.1734307,0.202702,0.1281784,0.068922,0.0140041,0.0025262,0.806744,806.744
DHOLPUR,0.0047229,0.0052172,0.0038443,0.0013729,0.0047229,0.0299303,0.1162612,0.1461365,0.0646384,0.0144434,0.0023615,0.0029106,0.3965621,396.5621
DHUBRI,0.0056565,0.0064254,0.0255917,0.0810039,0.2150585,0.3311549,0.3046296,0.2299412,0.1867758,0.0851777,0.0105442,0.0022516,1.484211,1484.211
DHULE,0.0013729,0.0005492,0.0017574,0.0008787,0.0056565,0.0645285,0.0927563,0.0721621,0.0580482,0.0238893,0.0091713,0.002691,0.3334614,333.4614
DIBANG VALLEY,0.0459663,0.0845186,0.1666758,0.2106651,0.14718,0.2055028,0.1493767,0.0881432,0.146466,0.0918227,0.0351475,0.030754,1.4022187,1402.2187
DIBRUGARH,0.0168049,0.0291614,0.0657916,0.1262562,0.1605799,0.2202208,0.2852436,0.2224724,0.1789774,0.0751826,0.0131803,0.0101598,1.4040309,1404.0309
DIMAPUR,0.0080729,0.0022516,0.031413,0.0427261,0.0833654,0.1124719,0.1030809,0.1493767,0.0828162,0.0686474,0.0239991,0.0089516,0.7171728,717.1728
DINDIGUL,0.0104344,0.0065352,0.0123016,0.0343786,0.0455819,0.0226262,0.0306991,0.0387171,0.0701851,0.1033006,0.0873195,0.0490417,0.511121,511.121
DINDORI,0.0107639,0.0106541,0.0075787,0.0027459,0.0049975,0.1081333,0.2269757,0.2215388,0.1056071,0.0204295,0.0055467,0.0091164,0.7340876,734.0876
DIU,0.0003844,0.0003844,0.0002197,0.0001098,0.0004943,0.0922072,0.1547037,0.0732056,0.0350376,0.0178483,0.0078533,0.0004943,0.3829426,382.9426
DNH,0.0002197,0.0001648,0,0,0.0040639,0.2114888,0.4857488,0.3602065,0.2149487,0.0211983,0.0057664,0,1.3038059,1303.8059
DODA,0.065572,0.0888572,0.1172497,0.0700203,0.0551376,0.0398704,0.0803998,0.0690867,0.0530507,0.0224614,0.0255368,0.046186,0.7334286,733.4286
DUMKA,0.0084574,0.0079631,0.0094459,0.0143336,0.0378933,0.1114833,0.1796914,0.1671152,0.1441046,0.0683728,0.0068098,0.0030205,0.7586909,758.6909
DUNGARPUR,0.0009336,0.0003295,0.0009885,0.000659,0.0025262,0.0423417,0.1254874,0.1218628,0.0605744,0.0081278,0.0069197,0.0014828,0.3722334,372.2334
DURG,0.0035147,0.0031303,0.0067549,0.0038443,0.0051074,0.095008,0.1788127,0.1761217,0.1091219,0.0310286,0.0025811,0.0016475,0.6166731,616.6731
EAST CHAMPARAN,0.0069746,0.005327,0.0042836,0.0072492,0.0269647,0.0897908,0.1946839,0.1633258,0.1132407,0.0401999,0.0024164,0.0032951,0.6577517,657.7517
EAST DELHI,0.0090065,0.0089516,0.0084024,0.0048877,0.0105992,0.0328409,0.1212038,0.1348234,0.0605195,0.0112582,0.0030754,0.0047229,0.4102915,410.2915
EAST GARO HIL,0.0030754,0.0087869,0.0351475,0.1342193,0.1934208,0.291669,0.2558076,0.1971003,0.1733758,0.0846285,0.0196606,0.0059311,1.4028228,1402.8228
EAST GODAVARI,0.0032951,0.0055467,0.0062057,0.0125213,0.0413532,0.0724367,0.1133505,0.1034653,0.0973145,0.1092866,0.0383327,0.0042836,0.6073919,607.3919
EAST KAMENG,0.0269098,0.0408589,0.0529958,0.0861662,0.1142292,0.1898512,0.2023725,0.1406997,0.1515185,0.0758965,0.0188918,0.0149377,1.1153278,1115.3278
EAST KHASI HI,0.0084574,0.0132352,0.0712285,0.1716184,0.4029326,0.810698,0.8338734,0.559833,0.333791,0.1526168,0.0221319,0.0058762,3.3862924,3386.2924
EAST MIDNAPOR,0.0087319,0.0102147,0.0174639,0.0190565,0.0593662,0.1392169,0.1564611,0.1860069,0.1884782,0.1081333,0.0186721,0.0051074,0.9169091,916.9091
EAST SIANG,0.0182877,0.0436597,0.0581581,0.1188972,0.1773848,0.4054588,0.5441814,0.3905761,0.3119337,0.1136251,0.0162008,0.017409,2.2157724,2215.7724
EAST SIKKIM,0.0183975,0.0308089,0.0338843,0.0963809,0.1601955,0.2551486,0.2795321,0.2421879,0.1958372,0.084958,0.0101049,0.0106541,1.4180899,1418.0899
EAST SINGHBHU,0.0080729,0.0101049,0.011368,0.0175188,0.034763,0.1238399,0.1612939,0.1717283,0.1239497,0.0375638,0.0068647,0.0028557,0.7099236,709.9236
ERNAKULAM,0.0072492,0.0103246,0.0171344,0.061508,0.1649734,0.3824482,0.3680598,0.2203855,0.1631611,0.1646988,0.079631,0.0243835,1.6639575,1663.9575
ERODE,0.0036246,0.0052172,0.0092262,0.0244385,0.0445384,0.0151024,0.0213631,0.0316327,0.0581031,0.0872645,0.0606843,0.0248229,0.3860179,386.0179
ETAH,0.0071393,0.0065901,0.0054369,0.0024164,0.0063705,0.0286122,0.1106596,0.1335054,0.0651326,0.0228458,0.0012631,0.0023615,0.3923334,392.3334
ETAWAH,0.0076336,0.0064254,0.0048877,0.0015377,0.0057664,0.033445,0.1219177,0.1611291,0.0833105,0.0247131,0.0015926,0.0032402,0.455599,455.599
FAIZABAD,0.0102696,0.0068098,0.0039541,0.0024713,0.0103246,0.067549,0.1903454,0.1700258,0.1156022,0.0280081,0.0015926,0.0048328,0.6117853,611.7853
FARIDABAD,0.0090615,0.0067549,0.0057115,0.0058762,0.0088418,0.0231754,0.1107145,0.1288923,0.0668351,0.0102696,0.0032951,0.0036795,0.3831074,383.1074
FARIDKOT,0.0088418,0.0078533,0.009336,0.0044483,0.0076336,0.0197704,0.0659015,0.0570048,0.0358614,0.005382,0.0020869,0.0041188,0.2282388,228.2388
FARRUKHABAD,0.0082926,0.0060959,0.0043934,0.0027459,0.0070295,0.0403647,0.135098,0.1550332,0.0777637,0.0286122,0.001318,0.0018672,0.4686143,468.6143
FATEHABAD,0.0091713,0.006041,0.0061508,0.0037344,0.0081828,0.0171893,0.0572794,0.0526663,0.0282827,0.0068098,0.001977,0.0027459,0.2002307,200.2307
FATEHGARH SAH,0.0136746,0.0119721,0.0124114,0.0054918,0.0075238,0.0250426,0.1211489,0.0958866,0.0583777,0.0103795,0.0038992,0.009336,0.3751442,375.1442
FATEHPUR,0.01005,0.0064254,0.0039541,0.0025811,0.0047229,0.0451425,0.1436103,0.1570652,0.1003899,0.0216377,0.002691,0.0043385,0.5026086,502.6086
FEROZEPUR,0.0086221,0.0079631,0.0116975,0.0051074,0.0084574,0.0171893,0.0705146,0.0684826,0.0372893,0.0067549,0.0028008,0.005327,0.250206,250.206
FIROZABAD,0.0073041,0.0059861,0.0041188,0.0020869,0.0056565,0.0326761,0.1191169,0.1417431,0.0778736,0.0194959,0.0015926,0.0027459,0.4203965,420.3965
GADAG,0.000659,0.0005492,0.0021418,0.0183975,0.0393761,0.0467351,0.0386622,0.0413532,0.0755121,0.0665056,0.0181229,0.0041188,0.3521335,352.1335
GADCHIROLI,0.0052721,0.0041738,0.0076885,0.0067,0.009336,0.1148882,0.2493273,0.2424076,0.1089571,0.0377835,0.0061508,0.0035147,0.7961996,796.1996
GAJAPATI,0.0052172,0.0192213,0.0352573,0.0434401,0.0751277,0.1107694,0.1323521,0.1433906,0.124389,0.0778736,0.0330606,0.0028557,0.8029546,802.9546
GANDERWAL,0.0311384,0.0377835,0.0571146,0.0476687,0.0373442,0.0205393,0.0305344,0.033445,0.016695,0.017409,0.0159262,0.0243286,0.3699269,369.9269
GANDHINAGAR,0.0004943,0.0003295,0.0003844,0.0002197,0.0037344,0.0397056,0.1540996,0.1226317,0.0765555,0.0101598,0.0036246,0.0014279,0.413367,413.367
GANJAM,0.0073041,0.0124664,0.0166401,0.0227909,0.046845,0.0872096,0.12038,0.1345488,0.1155473,0.1089571,0.0388819,0.0048328,0.716404,716.404
GARHWA,0.0087869,0.0052721,0.0058213,0.0037344,0.0057664,0.0663957,0.1582185,0.1607996,0.1241144,0.0288868,0.0014279,0.0029106,0.5721346,572.1346
GARHWAL PAURI,0.0236696,0.0182327,0.0194959,0.0106541,0.0210336,0.0678236,0.2485035,0.2436707,0.1064309,0.0305893,0.0040639,0.0098303,0.8039981,803.9981
GARHWAL TEHRI,0.0299852,0.0286671,0.0309188,0.017409,0.0306991,0.0747982,0.20402,0.2013839,0.0948432,0.0265803,0.0056565,0.0156516,0.7606129,760.6129
GAUTAM BUDDHA,0.0105442,0.0051074,0.0068098,0.0027459,0.0032951,0.0202647,0.0997858,0.1255423,0.0689769,0.0196606,0.0018672,0.0029656,0.3675655,367.5655
GAYA,0.008018,0.0059861,0.0047779,0.00335,0.0098852,0.0704047,0.1637103,0.1493218,0.0991268,0.0294909,0.0041188,0.0031303,0.5513208,551.3208
GHAZIABAD,0.0107639,0.01005,0.0098852,0.00335,0.0068647,0.0244934,0.1172497,0.1403701,0.0702949,0.0203196,0.0027459,0.0044483,0.4208357,420.8357
GHAZIPUR,0.0086221,0.0051623,0.0043934,0.0025811,0.0076336,0.0542589,0.146466,0.167884,0.1163161,0.0270196,0.0052721,0.0012631,0.5468723,546.8723
GIRIDIH,0.0063156,0.0054369,0.0075238,0.0098852,0.0222967,0.1134055,0.1883135,0.1514636,0.1316931,0.0440991,0.0043934,0.0031303,0.6879567,687.9567
GOALPARA,0.0069746,0.0112033,0.028063,0.1079686,0.2195618,0.3118238,0.2761272,0.1837553,0.1674447,0.0866055,0.0119172,0.0028557,1.4143007,1414.3007
GODDA,0.0063156,0.0054369,0.0059861,0.011368,0.0298753,0.0937449,0.1617332,0.1389423,0.1235653,0.0432204,0.0043934,0.0038992,0.6284806,628.4806
GOLAGHAT,0.0092811,0.0162008,0.0358065,0.0746334,0.1348784,0.1396013,0.1728266,0.1490472,0.1149432,0.0569499,0.0107639,0.0080729,0.9230052,923.0052
GONDA,0.0092811,0.0051623,0.0045582,0.0034598,0.0122467,0.079631,0.1841946,0.1738701,0.126421,0.0324565,0.0008787,0.0049426,0.6371026,637.1026
GONDIA,0.0083475,0.0061508,0.0089516,0.0049975,0.0046131,0.0956121,0.2296117,0.2330166,0.1165907,0.0323466,0.0058762,0.0066451,0.7527595,752.7595
GOPALGANJ,0.0081828,0.0057664,0.0038443,0.0068647,0.0173541,0.0853424,0.1701356,0.1671152,0.121039,0.0306991,0.0032951,0.0039541,0.6235928,623.5928
GORAKHPUR,0.0103795,0.0059861,0.0059861,0.0063156,0.0149377,0.091658,0.2045143,0.2109946,0.1383931,0.0379483,0.0035147,0.0043385,0.7349665,734.9665
GULBARGA,0.0023615,0.0015926,0.0034049,0.0108188,0.0199901,0.0619474,0.0857268,0.0920424,0.1010489,0.0578285,0.0114229,0.0024713,0.4506561,450.6561
GUMLA,0.0121918,0.0112033,0.0104893,0.0140041,0.0258663,0.125762,0.204679,0.1884782,0.138448,0.0375089,0.0071393,0.0047779,0.7805481,780.5481
GUNA,0.0066451,0.0038992,0.0034598,0.0014828,0.0047229,0.0479433,0.1848536,0.1955077,0.0895711,0.0157065,0.0058213,0.0051074,0.5647207,564.7207
GUNTUR,0.0030205,0.0042287,0.0042287,0.0082377,0.0320721,0.0495359,0.0808941,0.0853424,0.0824318,0.0790269,0.0416278,0.0079631,0.4786097,478.6097
GURDASPUR,0.0329507,0.027404,0.0295458,0.0141139,0.0116975,0.0313581,0.1782635,0.1756824,0.0693064,0.0204295,0.006041,0.0141688,0.6109616,610.9616
GURGAON,0.0056016,0.0064254,0.0038443,0.0035147,0.0076336,0.0208688,0.0928112,0.1017079,0.0439892,0.0069746,0.0030205,0.0023615,0.2987533,298.7533
GWALIOR,0.0079631,0.0047229,0.0030205,0.002032,0.0045033,0.0394311,0.1416882,0.1590971,0.0939645,0.0227909,0.0028008,0.0045033,0.4865177,486.5177
HAILAKANDI,0.004009,0.0230655,0.0679884,0.1312538,0.2285683,0.2583338,0.2343896,0.2234609,0.1740897,0.0827064,0.020045,0.0049975,1.4529079,1452.9079
HAMIRPUR,0.0088418,0.0063156,0.0029106,0.0011533,0.0036795,0.0419024,0.1354275,0.1701356,0.0901752,0.0182877,0.0021418,0.0032951,0.4842661,484.2661
HAMIRPUR,0.0400901,0.0337196,0.0324565,0.0148828,0.0234499,0.0786973,0.2113241,0.2148388,0.087649,0.0225713,0.0076336,0.0170245,0.7843375,784.3375
HANUMANGARH,0.0041188,0.0047229,0.0031303,0.002691,0.0071393,0.0176836,0.0567851,0.0458015,0.0183975,0.0018672,0.001977,0.001318,0.1656322,165.6322
HARDA,0.0049426,0.0034049,0.0017025,0.0004943,0.0035147,0.0605744,0.1870504,0.2085782,0.1162063,0.0203196,0.0077983,0.0050524,0.6196386,619.6386
HARDOI,0.0099951,0.0071942,0.0052172,0.0031852,0.0092811,0.0479433,0.1452578,0.1474546,0.0920424,0.0316327,0.0014828,0.0035697,0.5042561,504.2561
HARIDWAR,0.0181229,0.0197155,0.016695,0.0067,0.0119721,0.0580482,0.1825471,0.2015487,0.0861113,0.0163106,0.0024164,0.008018,0.6282058,628.2058
HASSAN,0.0007139,0.0013729,0.0058762,0.0302598,0.0561261,0.0686474,0.1119227,0.0713933,0.0634302,0.0856719,0.0297106,0.0059861,0.5311111,531.1111
HAVERI,0.0001648,0.0002746,0.0021967,0.0239442,0.0431105,0.0629908,0.0932506,0.0610138,0.0546433,0.0653523,0.024109,0.0038443,0.4348949,434.8949
HAZARIBAG,0.0077434,0.0084024,0.0081278,0.0064254,0.0194959,0.0971498,0.1743643,0.1590422,0.1218628,0.0449228,0.0043385,0.0049426,0.6568179,656.8179
HINGOLI,0.0027459,0.0026361,0.0039541,0.00335,0.007359,0.1017079,0.1336152,0.1404251,0.0905596,0.0363556,0.0099951,0.0051623,0.5378659,537.8659
HISAR,0.006041,0.0067,0.005327,0.0040639,0.0079631,0.0192762,0.0652425,0.0624966,0.0315229,0.0071393,0.0024713,0.0021967,0.2204405,220.4405
HOOGHLY,0.0065352,0.0146082,0.0154868,0.0277885,0.0595859,0.1336702,0.1735955,0.1455873,0.1336152,0.0560712,0.0087869,0.0037893,0.7791202,779.1202
HOSHANGABAD,0.0064803,0.0045582,0.0049975,0.0017574,0.0044483,0.0770498,0.228788,0.2550387,0.1470701,0.0205393,0.0082377,0.0056016,0.7645669,764.5669
HOSHIARPUR,0.0210885,0.0218573,0.0218573,0.0087869,0.0112033,0.0411335,0.1514086,0.1326267,0.0690867,0.0172991,0.0051074,0.0109836,0.5124389,512.4389
HOWRAH,0.0067,0.0136746,0.0175737,0.0288868,0.0694162,0.1280685,0.1884782,0.1808996,0.1678291,0.0544236,0.0171893,0.0055467,0.8786863,878.6863
HYDERABAD,0.0032402,0.0040639,0.008018,0.0112033,0.0185622,0.0607941,0.0970948,0.1046186,0.0908891,0.0525015,0.0130155,0.0035147,0.4675159,467.5159
IDUKKI,0.007359,0.0121369,0.0239442,0.0825965,0.127739,0.357845,0.4332473,0.2895821,0.1693668,0.1884782,0.094953,0.0264155,1.8136635,1813.6635
IMPHAL EAST,0.0074139,0.0188368,0.0464056,0.0799055,0.1147235,0.2035806,0.177934,0.1539898,0.1038497,0.0790818,0.0198254,0.0045033,1.0100499,1010.0499
IMPHAL WEST,0.0122467,0.0170245,0.0350376,0.0599154,0.0739195,0.1852381,0.1288923,0.1314185,0.0881432,0.0793564,0.0188368,0.010709,0.840738,840.738
INDORE,0.0032402,0.0012631,0.0009885,0.000659,0.0045582,0.0661211,0.1487726,0.1465759,0.099676,0.0210336,0.0077434,0.0031303,0.5037619,503.7619
JABALPUR,0.0099951,0.0062606,0.0062606,0.002032,0.0041738,0.0684277,0.1950135,0.2257675,0.1095612,0.018068,0.0043385,0.0049426,0.6548411,654.8411
JAGATSINGHAPU,0.0058762,0.0159262,0.019386,0.0226811,0.0588171,0.1302653,0.1577791,0.1980339,0.1294415,0.0796859,0.0370696,0.0045033,0.8594652,859.4652
JAHANABAD,0.0070295,0.0041738,0.0038443,0.0071942,0.012686,0.0617826,0.1403701,0.14048,0.1079137,0.0214729,0.0042287,0.0031852,0.514361,514.361
JAINTIA HILLS,0.0185622,0.0242188,0.0632105,0.1550332,0.3288484,0.7227745,0.8739085,0.5128233,0.4537866,0.28431,0.0609039,0.005327,3.5037069,3503.7069
JAIPUR,0.0036795,0.0041188,0.001318,0.0021418,0.0082377,0.0286122,0.1136251,0.105717,0.040145,0.0064803,0.0014828,0.0014279,0.3169861,316.9861
JAISALMER,0.0009336,0.0015926,0.0012082,0.0020869,0.0036246,0.0106541,0.0325663,0.0312483,0.0125213,0.0017025,0.0008238,0.0005492,0.0995114,99.5114
JAJPUR,0.0058213,0.0155967,0.0183975,0.0263606,0.0504695,0.1372947,0.1556922,0.1994618,0.1417431,0.0739195,0.0184524,0.0032402,0.8464495,846.4495
JALANDHAR,0.0157065,0.0157065,0.0168598,0.0075238,0.0110934,0.0266352,0.1119776,0.1033006,0.0609589,0.012027,0.004009,0.0091164,0.3949147,394.9147
JALAUN,0.0074139,0.0061508,0.0031303,0.0010984,0.0044483,0.0360811,0.1315284,0.1706848,0.0872645,0.0259212,0.001977,0.0029106,0.4786093,478.6093
JALGAON,0.0018123,0.001318,0.0023615,0.0007689,0.0041188,0.0725465,0.1048932,0.1074194,0.0676039,0.0253172,0.009391,0.0038443,0.401395,401.395
JALNA,0.0017574,0.0010984,0.0024713,0.0014828,0.0096106,0.0765006,0.0906145,0.0878137,0.0780933,0.0336098,0.0132352,0.0044483,0.4007359,400.7359
JALORE,0.0009885,0.0006041,0.0014279,0.0007689,0.0045033,0.0189467,0.0884727,0.0726015,0.0364655,0.0050524,0.0041738,0.0005492,0.2345545,234.5545
JALPAIGURI,0.0050524,0.0097754,0.0218024,0.0655171,0.1863364,0.3664671,0.5115053,0.3684442,0.2681641,0.0878137,0.0098852,0.0039541,1.9047174,1904.7174
JAMMU,0.0309188,0.0365753,0.0378384,0.0204295,0.0219122,0.0350925,0.201329,0.1777143,0.0584326,0.0172991,0.0086221,0.0190565,0.6652203,665.2203
JAMNAGAR,0.0003295,0.0005492,0.0014828,0.0001648,0.0008238,0.0489318,0.1079686,0.0648031,0.0322368,0.0092262,0.0065901,0.0003844,0.2734911,273.4911
JAMTARA,0.0079082,0.011368,0.0101598,0.0089516,0.0364655,0.1149981,0.1901258,0.187984,0.1625021,0.0700752,0.0069746,0.0030754,0.8105883,810.5883
JAMUI,0.0055467,0.0045033,0.0049426,0.0051623,0.0192762,0.0897358,0.1712889,0.139107,0.1225767,0.0389368,0.0049426,0.0020869,0.6081058,608.1058
JANJGIR-CHAMP,0.0071942,0.0066451,0.0077983,0.0038443,0.0062057,0.0920424,0.2164314,0.2291175,0.1224669,0.0242188,0.0028557,0.0037893,0.7226096,722.6096
JASHPUR,0.0107639,0.0116426,0.0075787,0.0098303,0.0173541,0.1346587,0.2353781,0.2292273,0.1413587,0.041463,0.0049426,0.0039541,0.8481521,848.1521
JAUNPUR,0.0083475,0.0057115,0.0037893,0.0025262,0.0064803,0.0500851,0.1673348,0.14048,0.1221374,0.0176286,0.0040639,0.0030754,0.53166,531.66
JHABUA,0.0014279,0.0001648,0.0004943,0.0004943,0.0042836,0.0594212,0.1321325,0.1363611,0.0813883,0.021418,0.0068098,0.001977,0.4463728,446.3728
JHAJJAR,0.0068098,0.0068647,0.005327,0.0041188,0.0058213,0.0188918,0.0874842,0.0830359,0.0397606,0.006041,0.0018672,0.0025262,0.2685485,268.5485
JHALAWAR,0.0037344,0.0012631,0.0018672,0.0007689,0.0038443,0.046186,0.1569554,0.1844143,0.0820473,0.0148278,0.0063705,0.0030754,0.5053546,505.3546
JHANSI,0.0077434,0.0057664,0.0029106,0.0025811,0.0047779,0.0433851,0.1492668,0.1701906,0.0973145,0.0204295,0.0036246,0.0035697,0.5115602,511.5602
JHARSUGUDA,0.0091164,0.0116426,0.0102147,0.0101049,0.0201,0.1233456,0.2209347,0.2283486,0.1313087,0.0350376,0.0055467,0.0039541,0.8096546,809.6546
JHUNJHUNU,0.0042287,0.0049975,0.0034598,0.0027459,0.011368,0.0290516,0.0840793,0.0790818,0.0329507,0.0073041,0.0019221,0.0029656,0.2641551,264.1551
JIND,0.0090065,0.0102696,0.0068098,0.0029656,0.0081828,0.0223516,0.0781482,0.0807293,0.0470097,0.008677,0.0028008,0.0026361,0.279587,279.587
JODHPUR,0.0015926,0.0017025,0.0014828,0.0028557,0.0060959,0.0153221,0.0601351,0.0519523,0.0233401,0.002691,0.0014828,0.0005492,0.1692021,169.2021
JORHAT,0.0121918,0.0201549,0.0439892,0.112362,0.1523422,0.1586029,0.2145642,0.1905102,0.1497611,0.0668351,0.014059,0.0085672,1.1439398,1143.9398
JUNAGADH,0.0002746,0.0002197,0.0001648,0.0000549,0.000659,0.1044538,0.1834807,0.0908891,0.05349,0.0151573,0.0069746,0.0002197,0.4560382,456.0382
JYOTIBA PHULE,0.0125213,0.0086221,0.0087319,0.0024164,0.0076336,0.032786,0.1533857,0.1639299,0.0799055,0.0266901,0.0029106,0.0042836,0.5038167,503.8167
KAITHAL,0.0097205,0.0083475,0.0068647,0.0030754,0.004668,0.0231754,0.0704597,0.07694,0.0403097,0.0077983,0.0021418,0.002691,0.256192,256.192
KALAHANDI,0.0026361,0.0082377,0.0084024,0.014059,0.0242737,0.13043,0.2023725,0.2041847,0.1262013,0.0397056,0.007359,0.0026361,0.7704981,770.4981
KAMRUP,0.0065901,0.0114229,0.0321819,0.0833105,0.1611291,0.2007249,0.1895217,0.1365808,0.1034653,0.0585425,0.0082926,0.0041188,0.9958811,995.8811
KAMRUP METROP,0.0065901,0.0114229,0.0321819,0.0833105,0.1611291,0.2007249,0.1895217,0.1365808,0.1034653,0.0585425,0.0082926,0.0041188,0.9958811,995.8811
KANCHIPURAM,0.0095008,0.0064803,0.0018123,0.0090065,0.025427,0.0375638,0.0601351,0.0901203,0.0817178,0.1240046,0.1554177,0.0730408,0.674227,674.227
KANDHAMAL/PHU,0.0069746,0.0143885,0.0163655,0.0198803,0.037454,0.109671,0.1752979,0.2049536,0.126421,0.0629359,0.0187819,0.0022516,0.7953758,795.3758
KANGRA,0.0455819,0.0440442,0.0466253,0.0219122,0.024768,0.0799605,0.3202812,0.3401615,0.128453,0.0264155,0.008677,0.0223516,1.1092319,1109.2319
KANKER (NORH,0.0043385,0.0060959,0.0081278,0.0099401,0.0109287,0.1052776,0.2155527,0.2325224,0.1258169,0.0404745,0.0045582,0.0025811,0.7662144,766.2144
KANNAUJ,0.0085123,0.0063156,0.0049426,0.002032,0.0088967,0.0323466,0.1342743,0.1710143,0.0889121,0.0337196,0.0015926,0.0029656,0.4955243,495.5243
KANPUR DEHAT,0.0074139,0.0062606,0.0030205,0.0014828,0.0034598,0.038827,0.1301554,0.1590422,0.0920973,0.0243835,0.0015926,0.0030205,0.4707561,470.7561
KANPUR NAGAR,0.0092262,0.0065352,0.0032951,0.0014279,0.0042287,0.0341589,0.1243341,0.1449283,0.0792465,0.0301499,0.0013729,0.0039541,0.4428578,442.8578
KANSHIRAM NAG,0.0090615,0.0052172,0.0062606,0.0024164,0.0072492,0.0285573,0.1234005,0.1508045,0.0824867,0.0293262,0.0015926,0.0030754,0.4494481,449.4481
KANYAKUMARI,0.0101049,0.0120819,0.0233401,0.0572794,0.0777088,0.1022022,0.0617826,0.042122,0.0560712,0.1242792,0.1145587,0.0337745,0.7153055,715.3055
KAPURTHALA,0.0151573,0.0115328,0.0141688,0.0052172,0.0077434,0.0203745,0.0913285,0.0749629,0.0454171,0.0172442,0.0029656,0.0058213,0.3119336,311.9336
KARAIKAL,0.0292712,0.0235598,0.009391,0.009336,0.0178483,0.0274589,0.0325114,0.0451974,0.0557966,0.1514086,0.2609149,0.1634906,0.8261847,826.1847
KARAULI,0.0049975,0.0042287,0.0019221,0.001318,0.0054369,0.0278983,0.121094,0.1481685,0.0528859,0.009336,0.0029656,0.0020869,0.3823384,382.3384
KARBI ANGLONG,0.0070295,0.0132352,0.0295458,0.0583777,0.0765555,0.1235104,0.131089,0.121094,0.1004448,0.0549728,0.0144434,0.0061508,0.7364489,736.4489
KARGIL,0.014059,0.014059,0.0137844,0.0108188,0.0120819,0.0030205,0.0063705,0.0131803,0.0047229,0.0079631,0.0113131,0.0112582,0.1226317,122.6317
KARIMGANJ,0.0072492,0.0193311,0.0931957,0.1869405,0.3317041,0.3543303,0.3547696,0.2405404,0.2299412,0.1320226,0.0476687,0.0072492,2.0049426,2004.9426
KARIMNAGAR,0.0059311,0.0030754,0.0059311,0.0086221,0.0131803,0.0841342,0.1413038,0.1244989,0.0895711,0.0471745,0.0114229,0.0032402,0.5380856,538.0856
KARNAL,0.0166401,0.0117524,0.0106541,0.0048877,0.0071942,0.0331155,0.1086276,0.1231808,0.0519523,0.0143885,0.0032402,0.0067,0.3923334,392.3334
KARUR,0.005327,0.0042836,0.0057115,0.0208688,0.0333901,0.0108737,0.0196057,0.0284475,0.0583777,0.0794113,0.0654072,0.0280081,0.3597122,359.7122
KASARGOD,0.0012631,0.0005492,0.0046131,0.0257565,0.1195013,0.5489593,0.6087649,0.3494426,0.144489,0.1290021,0.0464605,0.0101049,1.9889065,1988.9065
KATHUA,0.0470646,0.0324016,0.0249327,0.0109836,0.0068647,0.0343237,0.2129716,0.2219781,0.0700203,0.0159262,0.0047229,0.0142787,0.6964687,696.4687
KATIHAR,0.0067549,0.0040639,0.0050524,0.0135098,0.0527212,0.1165358,0.1971003,0.1481685,0.1477291,0.0407491,0.0027459,0.0022516,0.7373825,737.3825
KATNI,0.0109287,0.0075238,0.0049975,0.0012082,0.0018123,0.0616179,0.194629,0.2147839,0.1063211,0.0169696,0.0027459,0.0031303,0.6266682,626.6682
KAUSHAMBI,0.0085123,0.0064254,0.0044483,0.0018672,0.0040639,0.0398704,0.1421275,0.14718,0.0912735,0.0198254,0.0036246,0.004009,0.4732275,473.2275
KENDRAPARA,0.0046131,0.0179032,0.0204295,0.0152672,0.0497007,0.113021,0.1413587,0.1991323,0.1442693,0.0987973,0.0385524,0.0030205,0.8460652,846.0652
KEONDJHARGARH,0.0088967,0.0174639,0.0203196,0.0275688,0.0555769,0.1279038,0.152507,0.1758471,0.1239497,0.0623867,0.0134549,0.0031303,0.7890054,789.0054
KEPHRIE,0.0130155,0.014718,0.0360811,0.0973145,0.1239497,0.1923774,0.2426273,0.1934208,0.1327915,0.0672744,0.0228458,0.0058762,1.1422922,1142.2922
KHAGARIA,0.0052172,0.0023066,0.0042287,0.0084574,0.025427,0.1010489,0.1707947,0.1634906,0.1455324,0.0451425,0.0038443,0.0021418,0.6776321,677.6321
KHAMMAM,0.0024713,0.0038992,0.0058213,0.0130705,0.0288868,0.0825416,0.1553078,0.1408095,0.0938547,0.0587072,0.0134549,0.0024713,0.6012961,601.2961
KHANDWA,0.004009,0.0022516,0.0031852,0.0010984,0.005327,0.0688121,0.1472349,0.1532209,0.0979735,0.0194409,0.008018,0.0056565,0.516228,516.228
KHARGONE,0.0027459,0.0015377,0.0011533,0.0007689,0.0038992,0.072217,0.1258718,0.1303202,0.0881432,0.0172991,0.0058762,0.0042836,0.4541161,454.1161
KHEDA,0.000659,0.0002197,0.0007139,0.0002197,0.0024713,0.0605744,0.1598111,0.1426767,0.0826514,0.0098852,0.0062057,0.0007689,0.466857,466.857
KHERI LAKHIMP,0.0117524,0.0088967,0.0064803,0.0035697,0.0159811,0.0721621,0.163216,0.166566,0.1066506,0.0350376,0.0010984,0.0046131,0.596024,596.024
KHUNTI(RANCHI,0.0124114,0.0134,0.0132901,0.0095557,0.0249327,0.1336152,0.2085782,0.197979,0.1469054,0.0392114,0.0092811,0.0051623,0.8143225,814.3225
KHURDA,0.0055467,0.0142237,0.0147729,0.0169696,0.0373442,0.102367,0.1706848,0.1863364,0.1381185,0.0920973,0.0249876,0.0035697,0.8070184,807.0184
KINNAUR,0.0560712,0.0592015,0.0625515,0.0425065,0.038113,0.0203745,0.0411884,0.0446483,0.0388819,0.0194409,0.0096106,0.026745,0.4593333,459.3333
KISHANGANJ,0.0056016,0.0045033,0.0096106,0.0283926,0.0855072,0.2021528,0.3180295,0.2545445,0.1893569,0.044154,0.0037344,0.0025262,1.1481136,1148.1136
KISTWAR,0.065572,0.0888572,0.1172497,0.0700203,0.0551376,0.0398704,0.0803998,0.0690867,0.0530507,0.0224614,0.0255368,0.046186,0.7334286,733.4286
KODAGU,0.0019221,0.0023066,0.0101598,0.0493163,0.0838596,0.2977648,0.4856939,0.2986984,0.1160964,0.1107694,0.0393212,0.0096106,1.5055191,1505.5191
KODERMA,0.0115328,0.0066451,0.0071393,0.0054918,0.0156516,0.0948432,0.1487726,0.14718,0.119721,0.047504,0.0045033,0.004009,0.6129937,612.9937
KOHIMA,0.0067549,0.0158164,0.0306442,0.0493163,0.088967,0.169257,0.20067,0.2065462,0.1418529,0.0715031,0.0174639,0.00335,1.0021419,1002.1419
KOKRAJHAR,0.0059861,0.0153221,0.0251524,0.1188423,0.2532264,0.451535,0.4746005,0.3718491,0.2542149,0.087594,0.0099401,0.00335,2.0716129,2071.6129
KOLAR,0.0014828,0.0024713,0.0057115,0.0152672,0.0408589,0.034763,0.0419573,0.0500851,0.0833654,0.0813883,0.0322917,0.0118623,0.4015048,401.5048
KOLASIB,0.007359,0.0219672,0.072272,0.1007743,0.1737602,0.2403207,0.2371904,0.2488879,0.2030864,0.1207095,0.027404,0.0070844,1.460816,1460.816
KOLHAPUR,0.0005492,0.0004393,0.0025262,0.0142237,0.0330606,0.1930364,0.3974408,0.2620682,0.1017079,0.0686474,0.016695,0.004009,1.0944037,1094.4037
KOLKATA,0.0079082,0.0135647,0.0183975,0.0291614,0.0622769,0.1528365,0.1982536,0.1840848,0.1683783,0.0852875,0.0136196,0.0048877,0.9386567,938.6567
KOLLAM,0.0096106,0.0185073,0.0343786,0.0870449,0.136471,0.2513592,0.2185732,0.1420726,0.1196661,0.1991872,0.1215882,0.0299303,1.3683892,1368.3892
KOPPAL,0.000659,0.0002197,0.0013729,0.0105442,0.0277335,0.0396507,0.0415179,0.0489318,0.0800154,0.0593662,0.0141688,0.0043934,0.3285735,328.5735
KORAPUT,0.0028557,0.0067549,0.0089516,0.0292163,0.0490966,0.1102751,0.2109396,0.225438,0.1468505,0.0810588,0.0175188,0.0020869,0.8910428,891.0428
KORBA,0.0094459,0.0084574,0.008677,0.0068098,0.0067,0.1006096,0.2250535,0.2387281,0.1185128,0.0258663,0.0077983,0.0042287,0.7608874,760.8874
KORIYA,0.0087319,0.0039541,0.005382,0.0023615,0.0031852,0.0877039,0.2136855,0.2102257,0.1138448,0.016036,0.0035147,0.0032402,0.6718655,671.8655
KOTA,0.0037344,0.0017574,0.0017574,0.0013729,0.0037893,0.0383327,0.1511341,0.1520127,0.0683728,0.0136746,0.0058213,0.0019221,0.4436817,443.6817
KOTTAYAM,0.0071393,0.0136746,0.0232303,0.0747433,0.1547586,0.3564721,0.3247844,0.2119831,0.1487177,0.1738701,0.0974244,0.0225713,1.6093692,1609.3692
KOWARDHA (KAB,0.0069197,0.0076336,0.0076885,0.0041738,0.0091713,0.0779285,0.1544291,0.1571201,0.0953924,0.0323466,0.0060959,0.0063705,0.56527,565.27
KOZHIKODE,0.0012631,0.0021418,0.0082926,0.0444286,0.1409193,0.4919545,0.5245758,0.2750837,0.1379538,0.1439398,0.0714482,0.0164754,1.8584766,1858.4766
KRISHNA,0.0025262,0.0034598,0.0047779,0.0092811,0.0257016,0.0663957,0.1189522,0.1066506,0.0931957,0.0901752,0.0363007,0.0066451,0.5640618,564.0618
KRISHNAGIRI,0.002691,0.0031852,0.0067549,0.0219122,0.0545884,0.0306991,0.0414081,0.0529409,0.0940744,0.0971498,0.042781,0.0190016,0.4671866,467.1866
KUDDAPAH,0.0010434,0.001318,0.0025811,0.0095008,0.0261409,0.0383327,0.055522,0.0596408,0.0684277,0.0754023,0.0423966,0.0134,0.3937063,393.7063
KULGAM/(ANT),0.0416827,0.038772,0.0724367,0.0717228,0.0588171,0.0228458,0.0438794,0.0432753,0.0376737,0.0209237,0.0152672,0.015377,0.4826734,482.6734
KULLU,0.0477237,0.0532704,0.074249,0.0436597,0.0395958,0.0452523,0.1014883,0.0911088,0.0475589,0.0175737,0.0128508,0.0232303,0.5975617,597.5617
KUPWARA,0.0478335,0.0693613,0.1321325,0.0850129,0.0546982,0.0324016,0.0483278,0.0410237,0.0172991,0.028063,0.0285573,0.0373442,0.6220551,622.0551
KURNOOL,0.000659,0.0010434,0.0031303,0.01005,0.0283926,0.0442089,0.0635949,0.0682629,0.0766654,0.0579933,0.0155967,0.0036246,0.373222,373.222
KURUKSHETRA,0.0157614,0.0106541,0.0118073,0.005382,0.0056016,0.0364106,0.1110989,0.1116481,0.0500302,0.0129057,0.0028557,0.0055467,0.3797023,379.7023
KURUNG KUMEY,0.0454171,0.0384425,0.0704047,0.1349333,0.1490472,0.1607447,0.2218683,0.1517382,0.1556922,0.0506892,0.0177385,0.0232852,1.2200011,1220.0011
KUSHINAGAR,0.0084024,0.0055467,0.0059861,0.0069746,0.0198254,0.1002801,0.2028667,0.2007798,0.1322423,0.0392114,0.0023066,0.0041188,0.7285409,728.5409
KUTCH,0.0003295,0.0003844,0.0009336,0.0001098,0.0015377,0.024768,0.0832006,0.0570597,0.0333901,0.0068647,0.0042287,0.0007139,0.2135207,213.5207
LADAKH (LEH),0.0044483,0.004009,0.0048328,0.0043934,0.0043934,0.0020869,0.0071942,0.0077434,0.0047229,0.0039541,0.001977,0.0021967,0.0519521,51.9521
LAHUL & SPITI,0.072931,0.0752924,0.096985,0.0598056,0.0503597,0.028777,0.0903399,0.0768301,0.0556867,0.0286671,0.0162557,0.0338843,0.6858145,685.8145
LAKHIMPUR,0.0152123,0.0266901,0.042122,0.0908891,0.1822725,0.2901313,0.3323631,0.2567961,0.2329068,0.0770498,0.0126311,0.0112033,1.5702675,1570.2675
LAKHISARAI,0.0070844,0.0038443,0.0054918,0.0078533,0.0246581,0.0908891,0.167884,0.1488824,0.1272448,0.0392114,0.0035697,0.0031852,0.6297985,629.7985
LAKSHADWEEP,0.0114229,0.0080729,0.0064803,0.0268549,0.094294,0.1813389,0.1579988,0.1194464,0.0895711,0.086276,0.0646384,0.0322917,0.8786863,878.6863
LALITPUR,0.0115328,0.0051623,0.0035697,0.0018672,0.0037344,0.0473392,0.1766709,0.196661,0.0951727,0.018727,0.0036795,0.0040639,0.5681806,568.1806
LATEHAR,0.0091164,0.0102147,0.0112033,0.0049426,0.0124664,0.0925916,0.1871053,0.1584381,0.1230161,0.0365753,0.0042836,0.0043934,0.6543468,654.3468
LATUR,0.0024164,0.001977,0.0042836,0.0063156,0.0115877,0.0795211,0.1196661,0.121039,0.0930309,0.0444835,0.0123016,0.0031303,0.4997528,499.7528
LAWNGTLAI,0.0045582,0.0151024,0.0366302,0.0674941,0.1756274,0.240101,0.2712395,0.2245044,0.2008897,0.1271349,0.0362458,0.0050524,1.40458,1404.58
LOHARDAGA,0.0077434,0.0114778,0.011368,0.01005,0.0213631,0.1024219,0.1637652,0.1591521,0.1265858,0.0316876,0.0071942,0.0046131,0.6574222,657.4222
LOHIT,0.0231754,0.0443737,0.0968752,0.1968807,0.1682684,0.245483,0.362513,0.2349388,0.1722225,0.0917678,0.018727,0.0163655,1.671591,1671.591
LONGLENG,0.0130155,0.014718,0.0360811,0.0973145,0.1239497,0.1923774,0.2426273,0.1934208,0.1327915,0.0672744,0.0228458,0.0058762,1.1422922,1142.2922
LOW SUBANSIRI,0.053545,0.0600253,0.0507441,0.1121973,0.1461914,0.1560217,0.1366906,0.1485529,0.1058268,0.0431105,0.0271844,0.0149377,1.0550277,1055.0277
LOWER DIBANG,0.0459663,0.0845186,0.1666758,0.2106651,0.14718,0.2055028,0.1493767,0.0881432,0.146466,0.0918227,0.0351475,0.030754,1.4022187,1402.2187
LUCKNOW,0.0099401,0.0067549,0.004009,0.0022516,0.0067,0.0471745,0.139821,0.1439947,0.0932506,0.0263057,0.0022516,0.0037344,0.4861881,486.1881
LUDHIANA,0.013345,0.0143336,0.0145532,0.0066451,0.0091164,0.028118,0.1114833,0.0979186,0.0558515,0.0141139,0.0029656,0.0080729,0.3765171,376.5171
LUNGLEI,0.0030205,0.0119721,0.0483278,0.0655171,0.1704102,0.2522928,0.2826075,0.2645395,0.2254929,0.1347685,0.0361909,0.0047229,1.4998627,1499.8627
MADHEPURA,0.0065901,0.0051623,0.0067549,0.0162557,0.0464056,0.1168653,0.2072052,0.1671152,0.1422923,0.038772,0.0071393,0.0042836,0.7648415,764.8415
MADHUBANI,0.0060959,0.0052172,0.0051074,0.0169147,0.0435499,0.1017079,0.2062167,0.1686529,0.1052776,0.0417376,0.0031303,0.0066451,0.7102532,710.2532
MADURAI,0.0074688,0.0079631,0.0113131,0.0317425,0.0364655,0.026745,0.0365753,0.0479433,0.0732056,0.1132407,0.0830908,0.0338294,0.5095831,509.5831
MAHABUBNAGAR,0.0009885,0.0015926,0.0030754,0.0091164,0.018727,0.0500302,0.0887473,0.0868801,0.0817178,0.0468999,0.0116426,0.0020869,0.4015047,401.5047
MAHAMAYA NAGA,0.0063156,0.0057115,0.0057115,0.0021967,0.0058762,0.0262508,0.1174145,0.1343292,0.0654621,0.0172991,0.0011533,0.0026361,0.3903566,390.3566
MAHARAJGANJ,0.0096656,0.005382,0.0070844,0.0086221,0.0198803,0.1029711,0.2313691,0.2042397,0.1281784,0.0397056,0.002691,0.0030754,0.7628647,762.8647
MAHASAMUND,0.002032,0.0042836,0.0067,0.0030754,0.0057115,0.0943489,0.1825471,0.1866659,0.1097809,0.0273491,0.0029106,0.0013729,0.6267779,626.7779
MAHE,0.0098303,0.0107639,0.0091164,0.0058762,0.0239442,0.0257565,0.0462958,0.0701851,0.0691966,0.1486627,0.2023725,0.1119776,0.7339778,733.9778
MAHENDRAGARH,0.0064803,0.0059861,0.0051623,0.0029106,0.0103795,0.0238893,0.0847383,0.0793014,0.0292163,0.0077434,0.0019221,0.0037893,0.2615189,261.5189
MAHOBA,0.0095557,0.0058213,0.0026361,0.000659,0.0040639,0.0363556,0.1335054,0.172607,0.0839145,0.0136746,0.0025811,0.0031303,0.4685045,468.5045
MAINPURI,0.0064803,0.0052172,0.0044483,0.0020869,0.0054369,0.0336647,0.1161514,0.1350431,0.0750178,0.0220221,0.002032,0.0034049,0.4110056,411.0056
MALAPPURAM,0.0009336,0.0021418,0.0069746,0.0476687,0.1215333,0.3629524,0.435444,0.2170904,0.1160415,0.1594816,0.0741941,0.0125213,1.5569773,1556.9773
MALDA,0.0074688,0.0057664,0.0079631,0.0191114,0.0583228,0.1189522,0.1828217,0.1564062,0.1554177,0.0562908,0.0072492,0.0037344,0.7795047,779.5047
MALKANGIRI,0.0009885,0.0030205,0.0057115,0.019386,0.0338294,0.1136251,0.240156,0.2466912,0.1266956,0.0638695,0.0092811,0.0004393,0.8636937,863.6937
MAMIT,0.0075787,0.0171344,0.0592564,0.1020375,0.1929815,0.256851,0.2464166,0.2639903,0.2146741,0.139766,0.0358614,0.0090615,1.5456094,1545.6094
MANDI,0.0390466,0.0370696,0.0448679,0.0265253,0.0353122,0.0879236,0.2258224,0.2032511,0.0834752,0.0188918,0.0084024,0.0169696,0.8275577,827.5577
MANDLA,0.0135647,0.0124114,0.0125213,0.0052721,0.0041188,0.0864408,0.2373552,0.2430117,0.1173595,0.0221868,0.0049426,0.008018,0.7672029,767.2029
MANDSAUR,0.002691,0.0009885,0.0020869,0.0021418,0.001977,0.0448679,0.1519578,0.1520677,0.0794662,0.0196606,0.0071393,0.0018123,0.466857,466.857
MANDYA,0.0010434,0.001977,0.0041738,0.0248778,0.0577187,0.026745,0.0270745,0.0323466,0.0704047,0.0840793,0.0258114,0.0076885,0.3639407,363.9407
MANSA,0.0067549,0.0101049,0.0062057,0.0039541,0.0048877,0.0166401,0.0609039,0.0674392,0.0388819,0.0099951,0.001318,0.0034598,0.2305453,230.5453
MATHURA,0.0051074,0.0061508,0.0052172,0.0024713,0.0052172,0.0226811,0.1069251,0.1326816,0.056181,0.0129606,0.0020869,0.0025262,0.3602064,360.2064
MAU,0.008677,0.0049426,0.0049426,0.0031303,0.0105442,0.0646384,0.1850184,0.1776594,0.124444,0.0255917,0.0038992,0.0023066,0.6157944,615.7944
MAYURBHANJ,0.0061508,0.0139491,0.0263057,0.0337196,0.0605195,0.1536054,0.1778791,0.2052831,0.1529463,0.0654072,0.0129606,0.0032951,0.9120215,912.0215
MEDAK,0.0035697,0.002691,0.0052172,0.0103246,0.015377,0.0758965,0.1259817,0.1159317,0.0907244,0.0475589,0.0105992,0.0026361,0.506508,506.508
MEERUT,0.012741,0.01005,0.0087869,0.0051623,0.0079082,0.0340491,0.1466308,0.1651381,0.0817178,0.0228458,0.0029656,0.0061508,0.5041464,504.1464
MEHSANA,0.0007139,0.0003295,0.0005492,0.0005492,0.0031303,0.0405843,0.1363062,0.1142292,0.0689769,0.0101049,0.0038443,0.0010984,0.3804163,380.4163
MEWAT,0.0051623,0.0052721,0.0034598,0.0028557,0.005382,0.0226811,0.0918227,0.1065407,0.0545335,0.011368,0.0022516,0.0028008,0.3141303,314.1303
MIRZAPUR,0.0098852,0.0069197,0.0054918,0.0020869,0.0056565,0.0499753,0.1583283,0.1594816,0.12708,0.018068,0.0052721,0.002691,0.5509364,550.9364
MOGA,0.0116975,0.007359,0.0082377,0.005327,0.0086221,0.0185073,0.067549,0.0733154,0.0350376,0.0114778,0.0017025,0.0041188,0.2529517,252.9517
MOKOKCHUNG,0.0128508,0.0170795,0.033445,0.0759515,0.1576693,0.2885936,0.2883739,0.2164864,0.1270251,0.0754023,0.0236696,0.0068647,1.3234117,1323.4117
MON,0.0071942,0.0183975,0.0264704,0.0757318,0.1064858,0.1488824,0.1502554,0.0974244,0.0559064,0.034104,0.0108737,0.0041188,0.7358448,735.8448
MORADABAD,0.0123565,0.0119721,0.0071393,0.0025811,0.008677,0.0499753,0.1607447,0.1728815,0.0860563,0.0261958,0.0018123,0.0048877,0.5452796,545.2796
MORENA,0.0064254,0.0041188,0.0029106,0.0014279,0.0035697,0.0289417,0.1296062,0.1560217,0.0743588,0.0141688,0.0016475,0.0035147,0.4267118,426.7118
MORIGAON,0.0102696,0.0134,0.0283376,0.0641441,0.0928662,0.1703004,0.2058323,0.1698061,0.1215882,0.0655171,0.0109287,0.0045033,0.9574936,957.4936
MUKTSAR,0.0091713,0.0069746,0.0099951,0.0038443,0.0059861,0.0171344,0.0620572,0.0590367,0.0330057,0.0061508,0.0019221,0.0041188,0.2193971,219.3971
MUMBAI CITY,0.0005492,0.0005492,0.0002197,0.0005492,0.0098852,0.2960075,0.4313252,0.2793673,0.1698611,0.0423417,0.0067549,0.0023615,1.2397717,1239.7717
MUMBAI SUB,0.0005492,0.0005492,0.0002197,0.0005492,0.0098852,0.2960075,0.4313252,0.2793673,0.1698611,0.0423417,0.0067549,0.0023615,1.2397717,1239.7717
MUNGER,0.0070844,0.0038443,0.0054918,0.0078533,0.0246581,0.0908891,0.167884,0.1488824,0.1272448,0.0392114,0.0035697,0.0031852,0.6297985,629.7985
MURSHIDABAD,0.0092262,0.0061508,0.0104344,0.0186721,0.0477786,0.1304849,0.1804602,0.1410841,0.1406997,0.0693613,0.006041,0.0035697,0.763963,763.963
MUZAFFARNAGAR,0.0137295,0.0107639,0.0079082,0.0032402,0.0078533,0.0355319,0.1456423,0.1481136,0.0753474,0.0189467,0.0034049,0.0068098,0.4772917,477.2917
MUZAFFARPUR,0.007359,0.0048877,0.004009,0.0073041,0.0296557,0.0884178,0.1790873,0.1601955,0.1110989,0.0350925,0.0042836,0.0026361,0.6340272,634.0272
MYSORE,0.0013729,0.0019221,0.0062606,0.0322368,0.0684277,0.0437696,0.0507441,0.0355868,0.0585974,0.0836949,0.0267999,0.0071942,0.416607,416.607
N & M ANDAMAN,0.0179582,0.0087319,0.0047229,0.0293262,0.1886979,0.2764018,0.2555879,0.2531166,0.2497666,0.1516283,0.1090669,0.0549179,1.5999231,1599.9231
NADIA,0.0067,0.0096656,0.0115877,0.0231204,0.0522818,0.1285628,0.1487177,0.1296062,0.1175792,0.0550277,0.0057115,0.0042836,0.6928442,692.8442
NAGAON,0.0065901,0.0123565,0.0264155,0.0707892,0.0940744,0.1570103,0.1791971,0.1615135,0.1200505,0.0659015,0.0118623,0.0059311,0.911692,911.692
NAGAPATTINAM,0.0343786,0.012686,0.0101598,0.0131803,0.0208688,0.0202098,0.0328958,0.0510736,0.0529409,0.132462,0.226097,0.1582185,0.7651711,765.1711
NAGAUR,0.0022516,0.0030205,0.0014828,0.0025811,0.0084024,0.0233401,0.0783129,0.0637048,0.0260311,0.0043385,0.0014279,0.0015377,0.2164314,216.4314
NAGPUR,0.0075238,0.0059861,0.0087319,0.005327,0.006041,0.0867703,0.1696414,0.1540996,0.0968752,0.0312483,0.0078533,0.0066451,0.586743,586.743
NAINITAL,0.0252622,0.0225163,0.020704,0.0114778,0.0298753,0.1125817,0.282278,0.2516887,0.1437751,0.0451425,0.0035697,0.0087319,0.9576032,957.6032
NALANDA,0.0064803,0.0049426,0.0049975,0.00335,0.0153221,0.0700752,0.1557472,0.1445988,0.1110989,0.0278434,0.0028008,0.0031303,0.5503871,550.3871
NALBARI,0.0081828,0.0102147,0.0311384,0.1013784,0.2090724,0.3027075,0.2586084,0.1768356,0.1209292,0.0606294,0.0118623,0.0026361,1.2941952,1294.1952
NALGONDA,0.0022516,0.0023615,0.0050524,0.0082926,0.0157614,0.0566753,0.084958,0.0808391,0.0821572,0.0581031,0.0175737,0.0036246,0.4176505,417.6505
NAMAKKAL,0.0035697,0.0040639,0.0069746,0.0242188,0.0504146,0.0241639,0.0373442,0.05349,0.0713383,0.0861113,0.0542589,0.0197704,0.4357186,435.7186
NANDED,0.002691,0.0024713,0.0046131,0.0048328,0.0087319,0.0852326,0.1357021,0.1332308,0.0941842,0.0438794,0.0088967,0.00335,0.5278159,527.8159
NANDURBAR,0.0005492,0,0.0001648,0.0008238,0.0051074,0.075567,0.1655225,0.1336152,0.080235,0.0204295,0.0058213,0.001318,0.4891537,489.1537
NARAYANPUR,0.0037893,0.0047779,0.0080729,0.0124664,0.0134549,0.1039596,0.2196167,0.2337855,0.1167005,0.0465155,0.0059861,0.0021967,0.771322,771.322
NARMADA(BRC),0.0002746,0,0.0006041,0.0001098,0.0032951,0.090285,0.2225273,0.1914438,0.0997309,0.0144983,0.0044483,0.0008787,0.6280959,628.0959
NARSINGHPUR,0.0059311,0.0058213,0.0031852,0.0010984,0.0032951,0.0621121,0.1942446,0.2103355,0.1193366,0.0164754,0.0043385,0.0034049,0.6295787,629.5787
NASHIK,0.000659,0.0002746,0.0005492,0.0025811,0.0082926,0.0850678,0.1729914,0.1422374,0.1006645,0.0373442,0.0122467,0.0025262,0.5654347,565.4347
NAVSARI(VSD),0.0003295,0.0000549,0.0004393,0,0.0039541,0.1676643,0.4002966,0.266242,0.1561316,0.0231204,0.0059311,0.0008238,1.0249876,1024.9876
NAWADA,0.0071393,0.0052172,0.0052721,0.0030754,0.018727,0.074249,0.1657422,0.1515734,0.1008293,0.0342688,0.0034049,0.0026361,0.5721347,572.1347
NAWANSHAHR,0.0213081,0.0219122,0.0211983,0.0087319,0.0105442,0.046845,0.1700258,0.1399857,0.076226,0.0162557,0.0055467,0.0136746,0.5522542,552.2542
NAWAPARA,0.0068647,0.0064803,0.0092811,0.0131803,0.0186172,0.1004448,0.1907299,0.165907,0.1015432,0.0333352,0.0081278,0.0030754,0.6575869,657.5869
NAWARANGPUR,0.0032402,0.0069197,0.0079082,0.0296007,0.0571695,0.1326816,0.2366412,0.2373002,0.1332857,0.0563458,0.0104344,0.0003844,0.9119116,911.9116
NAYAGARH,0.0074688,0.0123565,0.0143885,0.0230655,0.0261958,0.1171948,0.1714537,0.1798012,0.1330111,0.083585,0.0263057,0.0015377,0.7963643,796.3643
NE DELHI,0.0090065,0.0089516,0.0084024,0.0048877,0.0105992,0.0328409,0.1212038,0.1348234,0.0605195,0.0112582,0.0030754,0.0047229,0.4102915,410.2915
NEEMUCH,0.0024713,0.0015377,0.002032,0.0012631,0.00335,0.04679,0.1452578,0.1421275,0.076281,0.0171344,0.0067549,0.0019221,0.4469218,446.9218
NELLORE,0.0086221,0.0063705,0.0032951,0.0083475,0.0282278,0.0293262,0.0500851,0.052172,0.0619474,0.1363062,0.1559119,0.058872,0.5994838,599.4838
NEW DELHI,0.0090065,0.0089516,0.0084024,0.0048877,0.0105992,0.0328409,0.1212038,0.1348234,0.0605195,0.0112582,0.0030754,0.0047229,0.4102915,410.2915
NICOBAR,0.0589269,0.0317975,0.0358065,0.0642539,0.1968807,0.1622824,0.156516,0.1493218,0.1948487,0.1790323,0.1731012,0.137789,1.5405569,1540.5569
NILGIRIS,0.012686,0.0143885,0.0195508,0.0452523,0.0644187,0.0932506,0.1432259,0.0993465,0.0814982,0.1196661,0.0995112,0.0434401,0.8362349,836.2349
NIZAMABAD,0.0043385,0.0024164,0.0048328,0.0067549,0.0134549,0.0885826,0.1589324,0.1628316,0.094953,0.05014,0.009391,0.0030205,0.5996486,599.6486
NORTH 24 PARG,0.0085672,0.0097754,0.0166401,0.0282827,0.0622769,0.1493218,0.1741996,0.1671152,0.1534406,0.0718875,0.0119721,0.0031303,0.8566094,856.6094
NORTH CACHAR,0.0091713,0.026086,0.0872645,0.1141743,0.1691471,0.1801856,0.1484431,0.1105497,0.1038497,0.1078588,0.0231204,0.0061508,1.0860013,1086.0013
NORTH DELHI,0.0090065,0.0089516,0.0084024,0.0048877,0.0105992,0.0328409,0.1212038,0.1348234,0.0605195,0.0112582,0.0030754,0.0047229,0.4102915,410.2915
NORTH DINAJPUR,0.0118073,0.0010984,0.0043934,0.0196057,0.0894613,0.1735406,0.2015487,0.1689824,0.2217585,0.0498105,0.0049975,0.0017574,0.9487617,948.7617
NORTH GOA,0.0002197,0,0.0003844,0.0049426,0.0517876,0.5216102,0.6494591,0.4010105,0.160525,0.090999,0.0192762,0.0062057,1.90642,1906.42
NORTH SIKKIM,0.0338294,0.0540941,0.1095612,0.1308694,0.1951782,0.276237,0.2687682,0.2351584,0.214015,0.1455324,0.0238893,0.0123016,1.6994342,1699.4342
NORTH TRIPURA,0.0074688,0.0204295,0.0650228,0.149816,0.2416937,0.262233,0.2211544,0.2019331,0.1536603,0.0954473,0.024768,0.0071942,1.4508211,1450.8211
NW DELHI,0.0090065,0.0089516,0.0084024,0.0048877,0.0105992,0.0328409,0.1212038,0.1348234,0.0605195,0.0112582,0.0030754,0.0047229,0.4102915,410.2915
OSMANABAD,0.0018672,0.0014279,0.0021418,0.0041188,0.0144434,0.0725465,0.0846834,0.0846834,0.1004448,0.046845,0.0122467,0.0025262,0.4279751,427.9751
PAKUR,0.008018,0.0070295,0.0083475,0.0187819,0.0472843,0.1254874,0.2073151,0.1862815,0.18727,0.078917,0.007359,0.0034049,0.8854961,885.4961
PALAKKAD,0.0015926,0.0035697,0.0123565,0.054204,0.0871547,0.2549838,0.3269812,0.1833159,0.0984129,0.1448734,0.0761162,0.014059,1.2576199,1257.6199
PALAMU,0.0095008,0.0070295,0.0059311,0.0038992,0.0082926,0.0770498,0.1684332,0.1641496,0.1255423,0.0255917,0.0031303,0.0032951,0.6018452,601.8452
PALI,0.002032,0.0013729,0.0015926,0.0014828,0.0052172,0.0230106,0.0973694,0.0839695,0.0409688,0.0065352,0.0025262,0.000659,0.2667362,266.7362
PALWAL(FRD),0.0049975,0.0043385,0.0032402,0.0023615,0.0042287,0.0154319,0.0880883,0.0943489,0.0475589,0.0109836,0.0017025,0.0017574,0.2790379,279.0379
PANCHKULA,0.0239442,0.0205393,0.0152672,0.0063156,0.0153221,0.0579933,0.1795815,0.1903454,0.0940194,0.0102696,0.0067,0.0102696,0.6305672,630.5672
PANCHMAHALS,0.0005492,0.0000549,0.0003844,0.0001648,0.0032951,0.062881,0.1710693,0.1771651,0.0897908,0.0138393,0.0066451,0.0009885,0.5268275,526.8275
PANIPAT,0.0113131,0.008677,0.0069197,0.0052172,0.0054369,0.0302598,0.0967653,0.1119776,0.047504,0.0119721,0.0025811,0.0041188,0.3427426,342.7426
PANNA,0.0123565,0.0081278,0.0047779,0.0013729,0.0022516,0.0613982,0.1969905,0.2149487,0.1154374,0.0172442,0.0042836,0.0042836,0.6434729,643.4729
PAPUM PARE,0.0183975,0.0372343,0.0582679,0.1246087,0.2487781,0.3517491,0.3347246,0.2764567,0.2703608,0.1179087,0.0105442,0.0062057,1.8552363,1855.2363
PARBHANI,0.0031852,0.0015926,0.0043385,0.0041188,0.0079082,0.0849031,0.1182382,0.1207645,0.0919326,0.0408589,0.0092811,0.0054918,0.4926135,492.6135
PATAN(MHSN),0.0006041,0.0004943,0.0008238,0.0001648,0.0020869,0.0312483,0.1132956,0.0911637,0.0465155,0.0056016,0.0036246,0.0007139,0.2963371,296.3371
PATHANAMTHITTA,0.0108737,0.0248229,0.0405843,0.1015432,0.161843,0.3058378,0.2965017,0.1936954,0.1461914,0.1973749,0.1172497,0.0281729,1.6246909,1624.6909
PATIALA,0.0146631,0.0135647,0.0114778,0.0051074,0.0084024,0.0301499,0.1295513,0.1145038,0.0636498,0.0115877,0.0023615,0.0079631,0.4129825,412.9825
PATNA,0.0071393,0.0051623,0.0052721,0.0044483,0.0144983,0.068867,0.183261,0.1452578,0.1195563,0.0304794,0.004009,0.0023066,0.5902574,590.2574
PERAMBALUR,0.0071942,0.0045582,0.0069746,0.0169147,0.0359163,0.0179032,0.0276237,0.0449778,0.0691416,0.1048932,0.0851227,0.0521171,0.4733373,473.3373
PEREN,0.0067549,0.0158164,0.0306442,0.0493163,0.088967,0.169257,0.20067,0.2065462,0.1418529,0.0715031,0.0174639,0.00335,1.0021419,1002.1419
PHEK,0.0067549,0.0158164,0.0306442,0.0493163,0.088967,0.169257,0.20067,0.2065462,0.1418529,0.0715031,0.0174639,0.00335,1.0021419,1002.1419
PILIBHIT,0.0114778,0.0092811,0.0078533,0.0031852,0.0126311,0.0618925,0.1793069,0.188643,0.113076,0.0404196,0.0024164,0.0043385,0.6345214,634.5214
PITHORAGARH,0.0276237,0.0315229,0.0360261,0.0253721,0.0513482,0.164534,0.3052337,0.2959526,0.1612389,0.0358614,0.0068647,0.0105992,1.1521775,1152.1775
PONDICHERRY,0.0098303,0.0107639,0.0091164,0.0058762,0.0239442,0.0257565,0.0462958,0.0701851,0.0691966,0.1486627,0.2023725,0.1119776,0.7339778,733.9778
POONCH,0.076281,0.068208,0.0870449,0.0543687,0.0382229,0.0640343,0.1890274,0.1051678,0.0594212,0.0150475,0.0221868,0.0305344,0.8095449,809.5449
PORBANDAR,0.0002746,0.0004943,0.0007139,0.0000549,0.0008787,0.0913285,0.1522873,0.0799605,0.0458564,0.0138393,0.0075238,0.0003295,0.3935417,393.5417
PRAKASAM,0.0043385,0.0048328,0.0057664,0.0081828,0.0287221,0.0353122,0.0545335,0.0526663,0.067549,0.0998957,0.0631556,0.0176286,0.4425835,442.5835
PRATAPGARH,0.0083475,0.0054369,0.0044483,0.0010984,0.0049426,0.0449778,0.158548,0.1560217,0.1082432,0.0188368,0.0037344,0.0035697,0.5182053,518.2053
PRATAPGARH(CHT,0.001977,0.000659,0.0018672,0.0018123,0.0031852,0.0594761,0.1555824,0.1594816,0.0899555,0.0180131,0.0090065,0.0016475,0.5026634,502.6634
PUDUKKOTTAI,0.012741,0.0054369,0.0074139,0.0187819,0.0273491,0.0244934,0.0435499,0.0598605,0.0646384,0.0867703,0.0807842,0.055522,0.4873415,487.3415
PULWAMA,0.0233401,0.0264704,0.0423966,0.0397606,0.0317975,0.0140041,0.0233401,0.0260311,0.0197704,0.0115328,0.0070844,0.0115877,0.2771158,277.1158
PUNE,0.0003295,0.0000549,0.0008787,0.0041738,0.0150475,0.0861662,0.1718381,0.1236202,0.0912186,0.0478335,0.013345,0.0032951,0.5578011,557.8011
PURI,0.0088418,0.0141688,0.0103795,0.0096656,0.0358614,0.0927563,0.1474546,0.1803504,0.1404251,0.1017629,0.0309188,0.0051623,0.7777475,777.7475
PURNEA,0.0049975,0.0049426,0.0070844,0.0185073,0.0667802,0.134439,0.2384535,0.185952,0.1623922,0.0458015,0.0045033,0.0038443,0.8776978,877.6978
PURULIA,0.0078533,0.011368,0.0135098,0.0198254,0.031468,0.1219727,0.1640398,0.1685979,0.146466,0.0502499,0.0091713,0.0041738,0.7486959,748.6959
RAE BARELI,0.0076885,0.0051074,0.0031852,0.0016475,0.0041738,0.0377286,0.1415234,0.1405349,0.0922621,0.0293811,0.0008238,0.0043934,0.4684497,468.4497
RAICHUR,0.0007689,0.0010984,0.0022516,0.0097205,0.0222417,0.0448679,0.0605195,0.0671097,0.0810039,0.0606843,0.0117524,0.0032402,0.365259,365.259
RAIGAD,0.0001098,0.0001098,0.0000549,0.0009885,0.0111483,0.3607008,0.6643967,0.4683398,0.218738,0.0629359,0.0108188,0.0023615,1.8007028,1800.7028
RAIGARH,0.006041,0.0070295,0.0063705,0.0062606,0.01005,0.0987424,0.2049536,0.196002,0.1282882,0.0271844,0.0036246,0.0028557,0.6974025,697.4025
RAIPUR,0.0035697,0.004668,0.0067549,0.0050524,0.0090615,0.0935252,0.1938053,0.1796364,0.1080235,0.0288868,0.0040639,0.0025262,0.6395738,639.5738
RAISEN,0.0056016,0.0051623,0.0035147,0.0009885,0.0035147,0.0707892,0.2048987,0.2229117,0.1136251,0.018068,0.0054369,0.0047779,0.6592893,659.2893
RAJGARH,0.0055467,0.0021418,0.0026361,0.0007689,0.0030754,0.0519523,0.1655775,0.1864463,0.0849031,0.0148278,0.008018,0.0049975,0.5308914,530.8914
RAJKOT,0.0001648,0,0.0004943,0.0002197,0.0015926,0.0530507,0.1188423,0.0791916,0.0455269,0.0125762,0.0055467,0.0008238,0.3180296,318.0296
RAJNANDGAON,0.0049426,0.0050524,0.0069197,0.0042836,0.0085123,0.092976,0.1930913,0.1873249,0.1178538,0.033445,0.0046131,0.0051074,0.6641221,664.1221
RAJOURI,0.0325663,0.0366302,0.0332802,0.0129606,0.0151024,0.0254819,0.1367456,0.1393816,0.0550827,0.0213081,0.0062057,0.0109287,0.525674,525.674
RAJSAMAND,0.0021967,0.0012082,0.002032,0.0014279,0.0067549,0.0373991,0.0970948,0.0975342,0.0458564,0.0075238,0.0037893,0.0017025,0.3045198,304.5198
RAMANATHAPURA,0.0181229,0.01005,0.0129057,0.0291065,0.021418,0.0092811,0.0165303,0.0242737,0.0319073,0.1001702,0.1028063,0.0670548,0.4436268,443.6268
RAMBAN(DDA),0.0793564,0.1047833,0.1162063,0.0620023,0.0466802,0.0337196,0.0726015,0.0660113,0.0476687,0.0231204,0.0239442,0.0534351,0.7295293,729.5293
RAMGARH,0.0068647,0.0082377,0.0073041,0.011368,0.0259762,0.113735,0.1778242,0.157834,0.1293316,0.0377835,0.0050524,0.0042287,0.6855401,685.5401
RAMNAGAR(BNGR),0.0008238,0.0025811,0.0056016,0.0263057,0.0671646,0.040145,0.0464056,0.0597507,0.103026,0.0956121,0.0296557,0.0082377,0.4853096,485.3096
RAMPUR,0.0119172,0.0123565,0.0105442,0.0040639,0.0121918,0.0587622,0.1820528,0.1763963,0.0855621,0.0186721,0.0021967,0.0060959,0.5808117,580.8117
RANCHI,0.012027,0.014718,0.0119172,0.0129606,0.0265253,0.1193915,0.1961118,0.1889725,0.1326816,0.0432204,0.0065352,0.0055467,0.7706078,770.6078
RANGAREDDY,0.0017025,0.0021967,0.0040639,0.0115877,0.0190016,0.0600802,0.1046735,0.0969301,0.0973145,0.0518974,0.0104893,0.0023615,0.4622989,462.2989
RATLAM,0.0025811,0.0010434,0.0011533,0.0010984,0.0028008,0.0570597,0.1622275,0.1643144,0.0948981,0.0225713,0.0069746,0.0037893,0.5205119,520.5119
RATNAGIRI,0.0000549,0,0.0000549,0.0019221,0.017409,0.4557636,0.6659893,0.4718546,0.1975397,0.0785875,0.0136746,0.0031303,1.9059805,1905.9805
RAYAGADA,0.0068098,0.012686,0.0211434,0.030754,0.0516228,0.0951178,0.1727717,0.1463562,0.1132407,0.0600802,0.0159262,0.0021967,0.7287055,728.7055
REASI,0.0557417,0.0510736,0.0464605,0.0238893,0.0219672,0.0456917,0.2419133,0.3058378,0.1329013,0.0231754,0.0067,0.0312483,0.9866001,986.6001
REWA,0.0098852,0.0076336,0.0057115,0.0016475,0.0025811,0.0666703,0.1685979,0.1794168,0.1189522,0.0172442,0.0048328,0.0036246,0.5867977,586.7977
REWARI,0.0049975,0.0047779,0.0028557,0.0016475,0.0054369,0.0181778,0.0824318,0.1007743,0.0379483,0.0072492,0.0019221,0.0020869,0.2703059,270.3059
RI-BHOI,0.0088967,0.0082926,0.0306442,0.0643089,0.1500906,0.1869954,0.2337306,0.2197814,0.1720029,0.068867,0.0141139,0.0048328,1.162557,1162.557
ROHTAK,0.0105992,0.0092262,0.0097205,0.0051074,0.0108737,0.0271844,0.1065956,0.1075292,0.0376737,0.007359,0.0031852,0.0043385,0.3393926,339.3926
ROHTAS,0.0071393,0.0070295,0.0049975,0.0032402,0.0076336,0.0494261,0.1511341,0.1528914,0.1048383,0.0236147,0.0066451,0.0026361,0.5212259,521.2259
RUDRAPRAYAG,0.0415179,0.0402548,0.0468999,0.0300401,0.0516777,0.1195563,0.3174254,0.351145,0.1296062,0.0288868,0.0075238,0.016695,1.1812289,1181.2289
RUPNAGAR,0.0228458,0.0213631,0.028118,0.0080729,0.014059,0.0359163,0.1598111,0.1388874,0.0654621,0.0108188,0.0072492,0.012686,0.5252897,525.2897
SABARKANTHA,0.0006041,0.0003295,0.0012631,0.0007689,0.0024713,0.0489318,0.1587127,0.1432259,0.0767752,0.0101598,0.004009,0.0010434,0.4482947,448.2947
SAGAR,0.0097754,0.0067,0.0054918,0.0012631,0.0037893,0.0701302,0.1936405,0.2251634,0.1086276,0.0182877,0.0063156,0.0055467,0.6547313,654.7313
SAHARANPUR,0.0147729,0.0145532,0.0116975,0.0031303,0.0116426,0.0519523,0.1521226,0.1656324,0.0721621,0.0189467,0.0045582,0.0081828,0.5293536,529.3536
SAHARSA,0.00335,0.0059861,0.0070295,0.0217475,0.0588171,0.1369652,0.2828821,0.1937503,0.1597012,0.0519523,0.002032,0.0054918,0.9297051,929.7051
SAHIBGANJ,0.0071942,0.00335,0.0069197,0.0120819,0.04679,0.1418529,0.2195068,0.1689275,0.183261,0.0548081,0.0054369,0.0031303,0.8532593,853.2593
SAHUJI MAHARA,0.0095008,0.0065901,0.0047229,0.0019221,0.0044483,0.0483278,0.151189,0.173266,0.113735,0.0201549,0.0042836,0.0035147,0.5416552,541.6552
SAIHA,0.0036795,0.0170245,0.0382778,0.0640892,0.1841946,0.2113241,0.2404855,0.2263716,0.2129167,0.1176341,0.0372893,0.0090065,1.3622934,1362.2934
SALEM,0.004668,0.0041188,0.0087869,0.0296557,0.0553572,0.0357516,0.0529409,0.0656818,0.087594,0.1048383,0.0679884,0.0306442,0.5480258,548.0258
SAMASTIPUR,0.0082377,0.0045033,0.0059861,0.0083475,0.0234499,0.096985,0.1730463,0.1587676,0.1342193,0.0353671,0.0037893,0.0020869,0.654786,654.786
SAMBA,0.0309188,0.0365753,0.0378384,0.0204295,0.0219122,0.0350925,0.201329,0.1777143,0.0584326,0.0172991,0.0086221,0.0190565,0.6652203,665.2203
SAMBALPUR,0.0066451,0.0109287,0.0110385,0.0085672,0.0177934,0.124444,0.2297216,0.2551486,0.1381734,0.0319622,0.0049426,0.0028008,0.8421661,842.1661
SANGLI,0.0009336,0.0004393,0.0023615,0.0124114,0.0296557,0.0653523,0.0827064,0.058872,0.0721072,0.0594761,0.0138393,0.0030754,0.4012302,401.2302
SANGRUR,0.01005,0.0105992,0.0087319,0.0057115,0.0102696,0.0246032,0.0881432,0.0800703,0.0470646,0.0112033,0.0025811,0.0070844,0.3061123,306.1123
SANT KABIR NGR,0.0064803,0.0071942,0.0057664,0.0028008,0.0114229,0.0767752,0.1958921,0.1650283,0.106376,0.0279532,0.000659,0.0035697,0.6099181,609.9181
SANT RAVIDAS,0.0101598,0.0066451,0.0063705,0.0029106,0.0056565,0.0433851,0.1660168,0.155857,0.0994014,0.0174639,0.0056016,0.002032,0.5215003,521.5003
SARAN,0.0089516,0.0051623,0.004668,0.0051074,0.0195508,0.0731506,0.1834807,0.1602504,0.117744,0.0325114,0.0035697,0.0030205,0.6171674,617.1674
SAS NAGAR(MGA),0.0183426,0.0135647,0.0162008,0.0075787,0.0135098,0.0377835,0.1327915,0.1189522,0.0644187,0.0110934,0.004009,0.011368,0.4496129,449.6129
SATARA,0.0003844,0.0003844,0.0017025,0.0076885,0.0199901,0.0827613,0.1397111,0.0962162,0.0788072,0.0525015,0.0164205,0.0045582,0.5011259,501.1259
SATNA,0.012686,0.0086221,0.0052172,0.0020869,0.0025262,0.0662859,0.167884,0.1828766,0.1064309,0.0176286,0.0047229,0.0030205,0.5799878,579.9878
SAWAI MADHOPUR,0.004009,0.0035147,0.0015926,0.0015926,0.005382,0.0296007,0.139162,0.1452578,0.0506343,0.0106541,0.0025811,0.001977,0.3959579,395.9579
SEHORE,0.0049426,0.0037344,0.0023066,0.000659,0.0038443,0.0687023,0.191993,0.2150036,0.1105497,0.0183975,0.0077983,0.0050524,0.6329837,632.9837
SENAPATI,0.0073041,0.0164205,0.026086,0.0684826,0.1089571,0.2022077,0.2010544,0.1793619,0.1208743,0.0856719,0.0313032,0.0081278,1.0558515,1055.8515
SEONI,0.0101049,0.0102696,0.0124664,0.0052721,0.005382,0.0898457,0.1965512,0.1779889,0.1058817,0.0243835,0.0087319,0.0076336,0.6545115,654.5115
SERAIKELA-KHA,0.0098852,0.0115877,0.0119721,0.013345,0.0282278,0.1321874,0.1771102,0.1767807,0.1375144,0.0394311,0.0056565,0.0029656,0.7466637,746.6637
SERCHHIP,0.0084574,0.0185622,0.0568949,0.0828711,0.1616234,0.21742,0.2620133,0.2365314,0.1904004,0.0918776,0.0393212,0.0101598,1.3761327,1376.1327
SHAHDOL,0.0129057,0.0104893,0.0071942,0.0027459,0.0042287,0.0673293,0.1723324,0.200011,0.1065956,0.0172991,0.0034049,0.0049975,0.6095336,609.5336
SHAHJAHANPUR,0.0092811,0.0096106,0.0071393,0.0026361,0.0110934,0.052831,0.1594816,0.1687627,0.0907793,0.0376188,0.0019221,0.0039541,0.5551101,555.1101
SHAJAPUR,0.0056016,0.0018123,0.002032,0.0009885,0.0037893,0.0525015,0.1642045,0.1737053,0.0895162,0.016036,0.0063705,0.0048328,0.5213905,521.3905
SHEIKHPURA,0.0075238,0.0045033,0.0045033,0.005327,0.0183975,0.0791916,0.1601406,0.1319677,0.1041243,0.0319073,0.0034598,0.0027459,0.5537921,553.7921
SHEOHAR,0.005327,0.004668,0.0054369,0.014059,0.0392663,0.1101653,0.2178044,0.1688725,0.0986875,0.0393761,0.0021418,0.0043385,0.7101433,710.1433
SHEOPUR,0.005382,0.0018123,0.0023615,0.0012082,0.0037344,0.0379483,0.1492668,0.1527816,0.0594761,0.0152123,0.002691,0.0030205,0.434895,434.895
SHIMLA,0.0379483,0.0386073,0.0439343,0.0265253,0.0356966,0.057499,0.1246087,0.1037948,0.062222,0.0179032,0.0076336,0.0155418,0.5719149,571.9149
SHIMOGA,0.0002746,0.0002197,0.0034598,0.0208688,0.0430007,0.1904553,0.3428524,0.2217585,0.0763908,0.0755121,0.0244934,0.0045582,1.0038443,1003.8443
SHIVPURI,0.0071393,0.0037344,0.001977,0.0012631,0.0037893,0.0387171,0.1516283,0.1537701,0.0841342,0.0174639,0.0041188,0.0042287,0.4719642,471.9642
SHONITPUR,0.0106541,0.012686,0.0274589,0.0792465,0.1560217,0.1994069,0.2109946,0.1855676,0.1258718,0.0602449,0.0114778,0.0069197,1.0865505,1086.5505
SHOPAN,0.0266352,0.0400351,0.0654072,0.0666154,0.0498655,0.0234499,0.0467351,0.0504695,0.0252622,0.0175188,0.0157065,0.0219122,0.4496126,449.6126
SHRAVASTI NGR,0.0114229,0.0087869,0.0068647,0.0049426,0.018068,0.0847932,0.1849635,0.163216,0.1128014,0.028118,0.0013729,0.0054369,0.630787,630.787
SIDDHARTH NGR,0.0085123,0.0057115,0.0051074,0.0032951,0.0119721,0.0767203,0.1964962,0.1728266,0.1085727,0.0348179,0.0008787,0.0042836,0.6291944,629.1944
SIDHI,0.011368,0.0080729,0.0063705,0.0018672,0.0051623,0.070899,0.1775496,0.1826569,0.12708,0.0194959,0.0043934,0.004009,0.6189247,618.9247
SIKAR,0.0039541,0.0045582,0.0023066,0.0025811,0.0104893,0.0264704,0.0917678,0.07359,0.0292163,0.0058762,0.0020869,0.0018123,0.2547092,254.7092
SIMDEGA,0.0104893,0.0103795,0.0085123,0.0131254,0.0192213,0.1305948,0.2522928,0.2222527,0.1544291,0.0322917,0.0069197,0.0034049,0.8639135,863.9135
SINDHUDURG,0.0001648,0.0000549,0.0002197,0.0023615,0.0323466,0.4994783,0.6040969,0.3882146,0.1677193,0.0784777,0.01675,0.0054918,1.7953761,1795.3761
SINGRAULI,0.0057115,0.0069197,0.0042836,0.0018672,0.0026361,0.061563,0.1440496,0.149816,0.101653,0.0209786,0.0024164,0.004009,0.5059037,505.9037
SIRMAUR,0.0320721,0.0292712,0.0232852,0.0112033,0.0175188,0.0773793,0.2789829,0.2666813,0.1043989,0.0241639,0.0050524,0.018727,0.8887363,888.7363
SIROHI,0.0022516,0.0008238,0.0017574,0.0014828,0.0055467,0.0396507,0.1823274,0.171893,0.0831457,0.0070844,0.0047229,0.0009336,0.50162,501.62
SIRSA,0.006041,0.0063705,0.0055467,0.0030205,0.0066451,0.0126311,0.0548081,0.0448679,0.0206491,0.007359,0.002691,0.0015377,0.1721677,172.1677
SITAMARHI,0.005327,0.004668,0.0054369,0.014059,0.0392663,0.1101653,0.2178044,0.1688725,0.0986875,0.0393761,0.0021418,0.0043385,0.7101433,710.1433
SITAPUR,0.0101598,0.0066451,0.0064803,0.0029656,0.0101049,0.0623867,0.1497062,0.1526718,0.1101653,0.0330057,0.002032,0.004668,0.5509914,550.9914
SIVAGANGA,0.0085672,0.0067549,0.0096106,0.0253172,0.0316327,0.0230106,0.0395409,0.0484376,0.0543138,0.1027514,0.0815531,0.0478335,0.4793235,479.3235
SIVASAGAR,0.0110385,0.0182327,0.0430007,0.0694711,0.1411939,0.1403152,0.2058323,0.187984,0.1081333,0.0528859,0.0111483,0.0056565,0.9948924,994.8924
SIWAN,0.0082926,0.0069197,0.005327,0.0052721,0.0151024,0.0754572,0.1862266,0.1579988,0.131803,0.0237794,0.0045033,0.0028557,0.6235378,623.5378
SOLAN,0.0393761,0.0363007,0.0343786,0.0153221,0.0267999,0.071558,0.2023175,0.1822176,0.0931408,0.0242188,0.0070844,0.0175737,0.7502882,750.2882
SOLAPUR,0.0014828,0.0008238,0.0018672,0.0050524,0.0163655,0.0564007,0.0548081,0.0557966,0.0934153,0.0518974,0.0135098,0.0036246,0.3550442,355.0442
SONBHADRA,0.0099401,0.0076336,0.0056565,0.0034598,0.0065352,0.069581,0.1572849,0.1607996,0.1158768,0.0191114,0.0032402,0.0038443,0.5629634,562.9634
SONEPAT(RTK),0.0106541,0.0085672,0.0079082,0.0052721,0.0091713,0.0253721,0.1067604,0.1145038,0.04679,0.0112033,0.0032402,0.0043385,0.3537812,353.7812
SONEPUR,0.0032951,0.0078533,0.0101598,0.0078533,0.016695,0.0978637,0.2089077,0.2375199,0.1385579,0.0312483,0.0036795,0.002691,0.7663245,766.3245
SOUTH 24 PARG,0.0074688,0.0146631,0.0208139,0.0229008,0.0687023,0.1735406,0.2545994,0.2285683,0.1959471,0.1199407,0.0342139,0.005327,1.1466859,1146.6859
SOUTH ANDAMAN,0.0239991,0.0142787,0.0102147,0.0497007,0.2056126,0.2510846,0.2313691,0.2323576,0.2502059,0.1654127,0.1514636,0.0704597,1.656159,1656.159
SOUTH DELHI,0.0090065,0.0089516,0.0084024,0.0048877,0.0105992,0.0328409,0.1212038,0.1348234,0.0605195,0.0112582,0.0030754,0.0047229,0.4102915,410.2915
SOUTH DINAJPUR,0.0048877,0.0073041,0.0104344,0.0323466,0.0921522,0.1588775,0.2025921,0.1361964,0.1536054,0.0617826,0.0071393,0.0030754,0.8703937,870.3937
SOUTH GARO HI,0.0037344,0.0058762,0.026745,0.0993465,0.1922126,0.2705256,0.2616289,0.2115437,0.1797463,0.0855072,0.0088418,0.0051623,1.3508705,1350.8705
SOUTH GOA,0.0003844,0.0000549,0.0002197,0.0036246,0.0445933,0.4758087,0.5676314,0.3500467,0.1480037,0.0800154,0.0191663,0.0049975,1.6945466,1694.5466
SOUTH SIKKIM,0.0183975,0.0308089,0.0338843,0.0963809,0.1601955,0.2551486,0.2795321,0.2421879,0.1958372,0.084958,0.0101049,0.0106541,1.4180899,1418.0899
SOUTH TRIPURA,0.0044483,0.0168049,0.0431105,0.0931957,0.183975,0.2608051,0.2731616,0.2179142,0.1400956,0.0961612,0.0244385,0.005327,1.3594376,1359.4376
SRI GANGANAGA,0.0032951,0.0043934,0.0051074,0.0038443,0.0063705,0.0140041,0.0435499,0.0356417,0.017409,0.0017025,0.0011533,0.0024164,0.1388876,138.8876
SRIKAKULAM,0.0043385,0.0099401,0.0094459,0.0144434,0.0350925,0.079631,0.1044538,0.1111538,0.1142841,0.1160964,0.0383327,0.002691,0.6399032,639.9032
SRINAGAR,0.0311384,0.0377835,0.0571146,0.0476687,0.0373442,0.0205393,0.0305344,0.033445,0.016695,0.017409,0.0159262,0.0243286,0.3699269,369.9269
SUBANSIRI F.D,0.015377,0.0265253,0.046845,0.0557417,0.0771596,0.1254325,0.1193915,0.1003899,0.0877588,0.0416827,0.0114778,0.0063705,0.7141523,714.1523
SULTANPUR,0.0072492,0.0047779,0.0034598,0.0025811,0.0092811,0.0453073,0.1665111,0.1500357,0.0998407,0.0249327,0.001318,0.0034049,0.5186995,518.6995
SUNDARGARH,0.0105992,0.0089516,0.0098852,0.0079082,0.0217475,0.1191169,0.2022626,0.2049536,0.1194464,0.0276786,0.0048328,0.0028008,0.7401834,740.1834
SUPAUL,0.0041738,0.0047779,0.0069746,0.0126311,0.0457466,0.1100005,0.205997,0.1483882,0.1153276,0.0410237,0.0024713,0.002032,0.6995443,699.5443
SURAT,0,0.0000549,0.0004943,0.0000549,0.0029656,0.1226866,0.272228,0.1793619,0.1141743,0.017409,0.0063156,0.0007689,0.716514,716.514
SURENDRANAGAR,0.0001098,0,0.0000549,0.0001648,0.0025811,0.0547531,0.0927014,0.0813334,0.0456917,0.0096106,0.0062057,0.0003844,0.2935909,293.5909
SURGUJA,0.0102696,0.0082926,0.0074688,0.004668,0.0079631,0.109012,0.2162118,0.2082487,0.1228513,0.0278434,0.0050524,0.0035697,0.7314514,731.4514
SW DELHI,0.0090065,0.0089516,0.0084024,0.0048877,0.0105992,0.0328409,0.1212038,0.1348234,0.0605195,0.0112582,0.0030754,0.0047229,0.4102915,410.2915
TAMENGLONG,0.0266352,0.1260915,0.1232907,0.2369707,0.2965017,0.6363337,1,0.8359053,0.3988687,0.2065462,0.0790818,0.0039541,3.9701796,3970.1796
TAPI(SRT),0,0,0.0004393,0.0000549,0.0044483,0.1289472,0.3155033,0.2431215,0.1279038,0.015377,0.006041,0.0017025,0.8435388,843.5388
TARN TARAN,0.0098852,0.01005,0.0118073,0.0057115,0.0068098,0.0129057,0.0733703,0.0611785,0.0375089,0.0097754,0.0024713,0.0052172,0.2466911,246.6911
TAWANG(W KAME,0.0193311,0.0238893,0.0323466,0.0737547,0.1873249,0.3653688,0.4118293,0.3180295,0.269592,0.128453,0.0221319,0.0148278,1.8668789,1866.8789
THANE,0.0001098,0.0001648,0.0001648,0.0003844,0.0076336,0.2396617,0.5347356,0.3722335,0.1869405,0.0464056,0.0068098,0.0008238,1.3960679,1396.0679
THANJAVUR,0.0147729,0.0084574,0.0095008,0.01675,0.0298204,0.0218573,0.0356966,0.0559064,0.0613982,0.1009391,0.12038,0.0808941,0.5563732,556.3732
THENI,0.0087869,0.0106541,0.0194409,0.0403097,0.0326761,0.0120819,0.0179032,0.0182877,0.0387171,0.0920973,0.0763359,0.028118,0.3954088,395.4088
THIRUVANANTHA,0.0105992,0.0115877,0.0194959,0.0640892,0.1189522,0.1860069,0.1257071,0.0779834,0.0888022,0.14718,0.1054424,0.0344335,0.9902797,990.2797
THOOTHUKUDI,0.0135098,0.0099951,0.0159811,0.0282827,0.0170245,0.0038992,0.0087319,0.008677,0.0198254,0.0830908,0.1018178,0.0495909,0.3604262,360.4262
THOUBAL,0.0084024,0.0143885,0.0236696,0.052831,0.07694,0.1828766,0.0997858,0.1164809,0.0586523,0.0519523,0.0153221,0.0051074,0.7064089,706.4089
THRISSUR,0.0018672,0.0041188,0.009336,0.043495,0.1587676,0.3884892,0.4244604,0.2416937,0.1521775,0.1627217,0.0758416,0.0192213,1.68219,1682.19
TIKAMGARH,0.0110385,0.0038992,0.0024713,0.0009885,0.002691,0.045472,0.1548136,0.1827668,0.0855072,0.0161459,0.0040639,0.0055467,0.5154046,515.4046
TINSUKIA,0.0146082,0.0320721,0.0720523,0.1185677,0.1497611,0.2132462,0.2829919,0.2126421,0.1795815,0.0651875,0.0137844,0.0103795,1.3648745,1364.8745
TIRAP,0.0231754,0.0399253,0.0774342,0.1740348,0.1805151,0.3375803,0.4678456,0.274919,0.2297216,0.1201054,0.0235598,0.0125762,1.9613927,1961.3927
TIRUCHIRAPPAL,0.0074688,0.0049975,0.0064803,0.0210885,0.032786,0.0172991,0.0292163,0.0405294,0.0743588,0.0951178,0.0768301,0.0430556,0.4492282,449.2282
TIRUNELVELI,0.0194409,0.0186172,0.0264155,0.0386622,0.0261958,0.0208139,0.0216926,0.014718,0.0209786,0.0864957,0.1153825,0.0546982,0.4641111,464.1111
TIRUPUR,0.0038992,0.0037893,0.007359,0.0263606,0.0404745,0.0120819,0.0148828,0.017409,0.0406392,0.0811137,0.0659015,0.0255917,0.3395024,339.5024
TIRUVALLUR,0.0098852,0.0074139,0.0028008,0.0075238,0.0265803,0.0376737,0.0605744,0.0743588,0.0754023,0.1158768,0.1435005,0.0642539,0.6258444,625.8444
TIRUVANNAMALA,0.0080729,0.0064803,0.0062606,0.0105992,0.037454,0.0342688,0.0527212,0.0781482,0.0919326,0.1066506,0.0934703,0.0450876,0.5711463,571.1463
TIRUVARUR,0.0224614,0.0105442,0.0094459,0.0185073,0.0257016,0.0183426,0.0351475,0.0516228,0.0576638,0.1100005,0.1669504,0.1179636,0.6443516,644.3516
TONK,0.0027459,0.0029106,0.0014828,0.0016475,0.0055467,0.0308089,0.1206546,0.1156022,0.0437696,0.0076336,0.002691,0.0016475,0.3371409,337.1409
TUENSANG,0.0130155,0.014718,0.0360811,0.0973145,0.1239497,0.1923774,0.2426273,0.1934208,0.1327915,0.0672744,0.0228458,0.0058762,1.1422922,1142.2922
TUMKUR,0.001318,0.0016475,0.0038992,0.0186721,0.0478335,0.0337745,0.0382778,0.0436597,0.0815531,0.0817727,0.0256467,0.0055467,0.3836015,383.6015
UDAIPUR,0.0015377,0.0010984,0.0023615,0.0012082,0.0045033,0.0404196,0.1139546,0.1118678,0.0584876,0.0083475,0.0060959,0.0014279,0.35131,351.31
UDALGURI(DARA,0.0071942,0.0117524,0.0293811,0.0927014,0.1757373,0.2304904,0.1899061,0.1494316,0.1216431,0.0523917,0.0094459,0.0051074,1.0751826,1075.1826
UDHAM SINGH N,0.0164754,0.0104344,0.0086221,0.0049426,0.018068,0.080949,0.2212642,0.2008897,0.1119227,0.0403647,0.0024713,0.0051623,0.7215664,721.5664
UDHAMPUR,0.0595859,0.0660662,0.0740293,0.0353122,0.0225713,0.0502499,0.2826624,0.3026525,0.1207645,0.023395,0.0136196,0.0331155,1.0840243,1084.0243
UDUPI,0.0007689,0.0002197,0.0022516,0.0161459,0.1064309,0.5936625,0.7532539,0.4954693,0.2223626,0.1229063,0.0409688,0.0103246,2.364765,2364.765
UJJAIN,0.0035147,0.0011533,0.0010984,0.0004393,0.0029656,0.057499,0.1519029,0.1601406,0.088308,0.0192213,0.0070844,0.0040639,0.4973914,497.3914
UKHRUL,0.0079631,0.0198254,0.0312483,0.0420671,0.0671097,0.191279,0.1629963,0.1336152,0.0928662,0.0673843,0.0271294,0.0071942,0.8506782,850.6782
UMARIA,0.0146631,0.0118073,0.0088967,0.0040639,0.0043385,0.0685925,0.186611,0.2280191,0.1175243,0.0212532,0.005327,0.0075238,0.6786204,678.6204
UNA,0.025427,0.024768,0.0224614,0.0094459,0.014718,0.0371245,0.1867209,0.1704102,0.0795211,0.0176286,0.0085123,0.0132352,0.6099731,609.9731
UNNAO,0.0081828,0.0082926,0.0040639,0.0018672,0.0057664,0.0455269,0.1369103,0.1572849,0.094294,0.0308089,0.0012082,0.004009,0.4982151,498.2151
UPPER SIANG,0.040804,0.0970399,0.1991323,0.2182986,0.2244494,0.4403866,0.3586139,0.2295019,0.3767368,0.1454775,0.0477237,0.0393761,2.4175407,2417.5407
UTTAR KANNADA,0.0001648,0.0000549,0.0014828,0.0121369,0.0626064,0.4068867,0.5787248,0.3666868,0.1419628,0.0851777,0.0242188,0.0061508,1.6862542,1686.2542
UTTARKASHI,0.0389368,0.0399802,0.0466253,0.0266352,0.0560712,0.0810588,0.2090175,0.2225273,0.1181833,0.0327311,0.0073041,0.0137295,0.8928003,892.8003
VAISHALI,0.0084024,0.0046131,0.0039541,0.008018,0.014718,0.075567,0.2059421,0.1566808,0.1228513,0.0402548,0.0029656,0.0021418,0.646109,646.109
VALSAD,0.0003844,0.0000549,0.0002746,0,0.0034598,0.1924872,0.4238563,0.2867263,0.168543,0.0263606,0.0075787,0.0005492,1.110275,1110.275
VARANASI,0.0101049,0.0079631,0.0052172,0.0025811,0.0064803,0.0515679,0.1711242,0.154539,0.1299357,0.0205942,0.0067,0.0030205,0.5698281,569.8281
VELLORE,0.0044483,0.0037344,0.0050524,0.0122467,0.0411884,0.0361909,0.0589269,0.0708441,0.0900104,0.089626,0.0698556,0.0320171,0.5141412,514.1412
VIDISHA,0.0076885,0.0045033,0.0028008,0.0007689,0.0024164,0.0605744,0.1956176,0.2064913,0.0892416,0.0131803,0.0065352,0.0059311,0.5957494,595.7494
VILUPPURAM,0.0101598,0.005327,0.0051074,0.0089516,0.0276786,0.0268549,0.0460761,0.0715031,0.0797957,0.1024219,0.1071448,0.0645285,0.5555494,555.5494
VIRUDHUNAGAR,0.0103246,0.0131803,0.0158164,0.0370696,0.0358065,0.0121369,0.0196606,0.0282278,0.0480532,0.0992366,0.0948432,0.0360261,0.4503818,450.3818
VISAKHAPATNAM,0.0048328,0.0059311,0.0096656,0.0245483,0.0530507,0.0728211,0.0978637,0.0978637,0.1018178,0.1121973,0.0325114,0.0023615,0.615465,615.465
VIZIANAGARAM,0.0047779,0.0079082,0.0097205,0.0177385,0.0498105,0.0772695,0.099676,0.1069801,0.1148333,0.1033006,0.0309188,0.00335,0.6262839,626.2839
W KHASI HILL,0.0108188,0.0170795,0.0336647,0.0881432,0.1934758,0.3577901,0.5768027,0.3338459,0.255533,0.105717,0.0176286,0.0101598,2.0006591,2000.6591
WARANGAL,0.0045582,0.0042836,0.0067549,0.0077983,0.0157614,0.0810588,0.1489373,0.1220825,0.0853973,0.048822,0.0125762,0.0039541,0.5419846,541.9846
WARDHA,0.0061508,0.0050524,0.0071942,0.004668,0.0087319,0.0931957,0.1502554,0.1500357,0.0899555,0.0317975,0.0082926,0.008677,0.5640067,564.0067
WASHIM,0.0049426,0.0031303,0.0041188,0.002691,0.0045582,0.095008,0.1347685,0.1375144,0.0861113,0.0334999,0.0063156,0.0040639,0.5167225,516.7225
WAYANAD,0.0026361,0.0045582,0.0096106,0.0457466,0.0958866,0.3833818,0.6098083,0.3256082,0.1266956,0.11703,0.0514032,0.0141688,1.786534,1786.534
WEST CHAMPARAN,0.0102147,0.0059311,0.0070295,0.01005,0.0309188,0.1259267,0.245483,0.1918282,0.1369652,0.0361909,0.0028008,0.0050524,0.8083913,808.3913
WEST DELHI,0.0090065,0.0089516,0.0084024,0.0048877,0.0105992,0.0328409,0.1212038,0.1348234,0.0605195,0.0112582,0.0030754,0.0047229,0.4102915,410.2915
WEST GARO HIL,0.0037344,0.0058762,0.026745,0.0993465,0.1922126,0.2705256,0.2616289,0.2115437,0.1797463,0.0855072,0.0088418,0.0051623,1.3508705,1350.8705
WEST GODAVARI,0.00335,0.0058762,0.0047779,0.0104344,0.0306442,0.0745785,0.1319128,0.125103,0.0989071,0.1086276,0.0366302,0.0064254,0.6372673,637.2673
WEST KAMENG,0.0193311,0.0238893,0.0323466,0.0737547,0.1873249,0.3653688,0.4118293,0.3180295,0.269592,0.128453,0.0221319,0.0148278,1.8668789,1866.8789
WEST MIDNAPOR,0.0067,0.0132352,0.021418,0.0311934,0.0590917,0.1338898,0.1809545,0.1735406,0.1520127,0.0584876,0.0098303,0.0029106,0.8432644,843.2644
WEST SIANG,0.0142787,0.0366302,0.0421769,0.1258718,0.1315284,0.228788,0.3253336,0.1715635,0.159866,0.0696359,0.0185073,0.0162008,1.3403811,1340.3811
WEST SIKKIM,0.0338294,0.0540941,0.1095612,0.1308694,0.1951782,0.276237,0.2687682,0.2351584,0.214015,0.1455324,0.0238893,0.0123016,1.6994342,1699.4342
WEST SINGHBHUM,0.0070844,0.0119721,0.012686,0.0131254,0.0311384,0.1142292,0.1730463,0.1881487,0.1223022,0.0348729,0.005382,0.0030205,0.7170081,717.0081
WEST TRIPURA,0.0052721,0.0153221,0.0395958,0.1066506,0.1976495,0.2342798,0.21742,0.1774946,0.1376243,0.0960514,0.0227909,0.0056565,1.2558076,1255.8076
WOKHA,0.0112033,0.0231204,0.0531056,0.0792465,0.1788127,0.2286232,0.2721731,0.2630018,0.1526168,0.0701302,0.0305893,0.0090615,1.3716844,1371.6844
YADGIR,0.0024164,0.001977,0.0028557,0.0112582,0.0202098,0.0641441,0.0840244,0.0885277,0.0987424,0.0677687,0.0134549,0.0029106,0.4582899,458.2899
YAMUNANAGAR,0.0233401,0.0191663,0.0175188,0.0082926,0.0144983,0.0646933,0.1671701,0.1787028,0.0793564,0.0197704,0.0037344,0.0116975,0.607941,607.941
YANAM,0.0098303,0.0107639,0.0091164,0.0058762,0.0239442,0.0257565,0.0462958,0.0701851,0.0691966,0.1486627,0.2023725,0.1119776,0.7339778,733.9778
YAVATMAL,0.0047229,0.0025262,0.006041,0.0042287,0.0065352,0.0953375,0.1466857,0.1443242,0.0832006,0.0339942,0.0072492,0.0048877,0.5397331,539.7331
ZUNHEBOTO,0.0130155,0.014718,0.0360811,0.0973145,0.1239497,0.1923774,0.2426273,0.1934208,0.1327915,0.0672744,0.0228458,0.0058762,1.1422922,1142.2922
